/*
Navicat MySQL Data Transfer

Source Server         : localhost
Source Server Version : 50720
Source Host           : localhost:3306
Source Database       : oraboot

Target Server Type    : MYSQL
Target Server Version : 50720
File Encoding         : 65001

Date: 2018-02-01 10:48:43
*/

SET FOREIGN_KEY_CHECKS=0;

-- ----------------------------
-- Table structure for customer
-- ----------------------------
DROP TABLE IF EXISTS `customer`;
CREATE TABLE `customer` (
  `cid` int(11) NOT NULL AUTO_INCREMENT,
  `cnumber` int(10) NOT NULL,
  `cname` varchar(255) NOT NULL,
  `cage` int(3) DEFAULT NULL,
  `csex` varchar(4) NOT NULL,
  `bmtime` datetime NOT NULL,
  `serdata` int(11) NOT NULL,
  `sydata` int(11) DEFAULT '0' COMMENT '剩余天数',
  `money` int(11) NOT NULL DEFAULT '0',
  `uname` varchar(255) NOT NULL,
  `sname` varchar(255) DEFAULT NULL,
  `state` varchar(255) NOT NULL DEFAULT '正在服务',
  `remark` varchar(17000) DEFAULT NULL,
  `file_id` int(11) DEFAULT '0',
  `spec` varchar(50) DEFAULT NULL,
  `department_id` int(2) DEFAULT '1',
  `scheme` varchar(255) DEFAULT '未完成' COMMENT '客户方案',
  `moneyAndTime` varchar(255) DEFAULT NULL COMMENT '待补款及时间',
  `secondUpdate` varchar(255) DEFAULT NULL COMMENT '二次升级',
  `type` varchar(255) DEFAULT NULL COMMENT '客户课程类型',
  `freeze` datetime DEFAULT NULL COMMENT '冻结时间',
  `unfreeze` datetime DEFAULT NULL COMMENT '解冻时间',
  `sydataCopy` int(11) DEFAULT '0' COMMENT '剩余天数备份',
  `insertUser` varchar(255) DEFAULT NULL,
  `updateUser` varchar(255) DEFAULT NULL,
  PRIMARY KEY (`cid`)
) ENGINE=InnoDB AUTO_INCREMENT=309 DEFAULT CHARSET=utf8;

-- ----------------------------
-- Records of customer
-- ----------------------------
INSERT INTO `customer` VALUES ('1', '1287', '蓦然回首', null, '男', '2018-01-11 00:00:00', '60', '0', '0', '宋鑫', '宋浩然', '正在服务', '婚外情，女方想放弃，男方想挽回。', '0', '规格一', '2', '未完成', '1.18前补1000', ' ', '恋爱挽回', null, null, '0', null, null);
INSERT INTO `customer` VALUES ('2', '1286', '夜的思绪的记忆', null, '男', '2018-01-11 00:00:00', '150', '0', '0', '周佩佩', '高林霞', '正在服务', '有小三 有两个孩子  之前对老婆不关心 在精神上 还没有离婚', '0', '新规格三', '1', '未完成', '全款', '', '婚姻挽回', null, null, '0', null, null);
INSERT INTO `customer` VALUES ('3', '1288', '胜龙', null, '男', '2018-01-11 00:00:00', '100', '0', '0', '周佩佩', '孙沙沙', '正在服务', '亲戚介绍，男29女27，初期还是彼此喜欢的，男为女花钱不少，因为钱方面也说过女生部主动出钱，男猜忌心重，认识初期开黄段子，女说人品太差，介绍人父母都知道了，男典型直男，男做科研，女孩医学博士。见面7次。', '0', '高规格一', '1', '未完成', '全款', '', '恋爱狙击', null, null, '0', null, '超级管理员');
INSERT INTO `customer` VALUES ('4', '1291', '坚强', null, '女', '2018-01-12 00:00:00', '100', '0', '0', '周佩佩', '陈洁', '正在服务', '25岁 分手一星期 情商智商都不高 一直以备胎的形式在和男方相处 目前是异地 男方在老家', '0', '规格二', '1', '完已给', '月底补2000', '', '恋爱挽回', null, null, '0', null, '胡长青');
INSERT INTO `customer` VALUES ('5', '1199', '微笑女神', null, '女', '2017-12-30 00:00:00', '100', '0', '0', '徐洋', '宋浩然', '正在服务', '分手两个多月后男方又找了新女朋友，她受不了了想挽回，之前的机构一点作用都没有。', '0', '高规格二', '2', '完成', '全款', '', '恋爱挽回', null, null, '0', '胡长青', null);
INSERT INTO `customer` VALUES ('6', '1300', '张扬', null, '男', '2018-01-13 00:00:00', '100', '0', '0', '郭会芹', '张会萍', '正在服务', '不会聊天 提高情商', '0', '规格二', '2', '未完成', '全款', '', '恋爱挽回', null, null, '0', '刘丽娟', null);
INSERT INTO `customer` VALUES ('7', '1198', '筱筱雅', null, '女', '2017-12-30 00:00:00', '100', '0', '0', '唐齐', '莎莎', '正在服务', ' 个人形象，内在提升。套路设计。', '0', '规格二', '1', '完已给', '全款', '可升级', '感情维护', null, null, '0', '刘佳', null);
INSERT INTO `customer` VALUES ('8', '1196', '东风', null, '女', '2017-12-30 00:00:00', '180', '0', '0', '王辉', '王鹏涛', '正在服务', '男方出轨2年，觉得在一起没尊严，没自由，现在还没离婚，男方想净身出户，女方强势不让，现在生活在一起	\n', '0', '新规格三', '2', '完', '全款', '', '婚姻挽回', null, null, '0', '刘佳', null);
INSERT INTO `customer` VALUES ('9', '1299', '和天下', null, '男', '2018-01-13 00:00:00', '100', '0', '0', '张顾凡', '周昕', '正在服务', '女方抵触他，女方开店之类的都是他投的钱，他就是脾气不会', '0', '规格二', '2', '未完成', '全款', '可升级', '恋爱挽回', null, null, '0', '刘丽娟', '胡长青');
INSERT INTO `customer` VALUES ('10', '1195', '四川川金 耿工', null, '男', '2017-12-30 00:00:00', '60', '0', '0', '张顾凡', '宋浩然', '正在服务', '男方是单亲家庭，不太会经验感情，冷静分手，到现在一个多月了。	\n', '0', '规格一', '2', '完', '全款', '', '恋爱挽回', null, null, '0', '刘佳', '胡长青');
INSERT INTO `customer` VALUES ('11', '1297', '克强', null, '男', '2018-01-13 00:00:00', '60', '0', '0', '唐齐', '刘聪聪', '正在服务', '女友看破红尘，一心修道，男姿态低，吸引力缺失', '0', '规格一', '1', '未完成', '1.26补款1500', '', '恋爱挽回', null, null, '0', '刘丽娟', '胡长青');
INSERT INTO `customer` VALUES ('12', '1194', '浩然正气', null, '男', '2017-12-30 00:00:00', '100', '0', '0', '吕慧', '莎莎', '正在服务', '男公务员，相识相识一年半，在一起也就半年时间，三个问题，男方直男癌跪舔相处方式，喝酒欺骗过女两次，第二个他们是异地虽然不远，房子距离女方工作太远，想换房子一直没动静，女不满意，加之难说要考公务员工作好而且以后可以不用异地，但是后期男表现的不上进，女现在在美国，在美国呆了20天，感情很淡了，男要挽回	\n\n （折后价格4500）', '0', '规格二', '1', '未完成', '全款', '', '恋爱挽回', null, null, '0', '刘佳', null);
INSERT INTO `customer` VALUES ('13', '1296', '袁兴平', null, '男', '2018-01-13 00:00:00', '60', '0', '0', '吕昊', '高林霞', '正在服务', '恋爱挽回 提升情商  在考妍 ', '0', '低规格一', '1', '未完成', '全款', '', '恋爱挽回', null, null, '0', '刘丽娟', null);
INSERT INTO `customer` VALUES ('14', '1193', 'trustnolove', null, '男', '2017-12-30 00:00:00', '60', '0', '0', '唐齐', '陈洁', '正在服务', '离婚7个月 结婚7年 男孩9岁 双方都出轨 男方先出轨 后来离婚因为戒烟的问题 两个人彼此还有联系也聊天 女方目前在青岛打工	\n', '0', '规格一', '1', '已给', '全款', '', '婚姻挽回', null, null, '0', '刘佳', null);
INSERT INTO `customer` VALUES ('15', '1192', '何丽萍', null, '女', '2017-12-30 00:00:00', '150', '0', '0', '李媛媛', '聪聪', '正在服务', '男控制欲强，导致经常争吵争执，相处模式不正确，导致对方失望	\n\n（退款比例）', '0', '高规格二', '1', '未完成', '全款', '', '恋爱挽回', null, null, '0', '刘佳', null);
INSERT INTO `customer` VALUES ('16', '1295', 'Yueping', null, '女', '2018-01-12 00:00:00', '100', '0', '0', '王辉', '周昕', '正在服务', '女方情商低，不懂处理感情，男方很抵触', '0', '规格二', '2', '未完成', '全款', '', '婚姻挽回', null, null, '0', '刘丽娟', null);
INSERT INTO `customer` VALUES ('17', '1191', 'jack.Wu', null, '男', '2017-12-30 00:00:00', '60', '0', '0', '吕慧', '聪聪', '正在服务', '女对男性冷淡，经常争吵	\n', '0', '规格一', '1', '未完成', '全款', '', '婚姻挽回', null, null, '0', '刘佳', null);
INSERT INTO `customer` VALUES ('18', '1294', '拿着相机去旅行', null, '男', '2018-01-12 00:00:00', '60', '0', '0', '张顾凡', '周昕', '正在服务', '情商低，现在女孩很抵触他', '0', '规格一', '2', '未完成', '全款', '', '恋爱狙击', null, null, '0', '刘丽娟', null);
INSERT INTO `customer` VALUES ('19', '1190', '海阔天空', null, '男', '2017-12-29 00:00:00', '60', '0', '0', '宋鑫', '杨元元', '正在服务', '男方只站在自己的角度看问题，之前还玩游戏，目前已经离婚	\n', '0', '规格一', '2', '未完成', '全款', '', '婚姻挽回', null, null, '0', '刘佳', null);
INSERT INTO `customer` VALUES ('20', '1308', '美丽的神话', null, '女', '2018-01-16 00:00:00', '100', '87', '0', '周佩佩', '刘聪聪', '正在服务', '第三者出现，男有离婚想法，但没有那么激烈，女吸引力不足', '0', '高规格一', '1', '未完成', '1.26前补2000', '', '分离小三', null, '2018-01-29 17:56:48', '0', '胡长青', '超级管理员');
INSERT INTO `customer` VALUES ('21', '1293', ' 怎扰', null, '女', '2018-01-12 00:00:00', '60', '0', '0', '董顺奇', '陈洁', '正在服务', '新婚三个月 背着老公跟前男友去吃饭做足疗 据自己说自己没有出轨的行为 被老公朋友发现了 一路跟踪拦下了  老公很生气闹离婚', '0', '规格一', '1', '未完成', '1.18补1500', '', '婚姻挽回', null, null, '0', '刘丽娟', '胡长青');
INSERT INTO `customer` VALUES ('22', '1189', '何礼华', null, '男', '2017-12-29 00:00:00', '100', '0', '0', '孙康', '张政', '正在服务', '婚姻挽回，对方态度坚决，一根筋	\n', '0', '规格二', '1', '已给', '1.28补齐2000', '', '婚姻挽回', null, null, '0', '刘佳', null);
INSERT INTO `customer` VALUES ('23', '1292', 'lhb', null, '男', '2018-01-12 00:00:00', '100', '0', '0', '徐洋', '王鹏涛', '正在服务', '20岁，分手五个月', '0', '规格二', '2', '未完成', '1月底补1000', '', '恋爱挽回', null, null, '0', '刘丽娟', null);
INSERT INTO `customer` VALUES ('24', '1188', '谢林全', null, '男', '2017-12-29 00:00:00', '100', '0', '0', '宋鑫', '宋浩然', '正在服务', '男方不会经营，造成了分手，现在很后悔，而且女方现在对男方也是有感情的。	\n', '0', '规格二', '2', '未完成', '全款', '', '恋爱挽回', null, null, '0', '刘佳', null);
INSERT INTO `customer` VALUES ('25', '1187', '亮亮', null, '男', '2017-12-29 00:00:00', '150', '0', '0', '孙康', '刘聪聪', '正在服务', '老婆喜欢女性，出轨，男吸引力不足，	\n（退款比例）', '0', '高规格三', '1', '未完成', '1.29补齐4000', '', '婚姻挽回', null, null, '0', '刘佳', null);
INSERT INTO `customer` VALUES ('26', '1290', '我不乖', null, '男', '2018-01-12 00:00:00', '100', '0', '0', '辛春来', '周昕', '正在服务', '程序员情商低，现在在国外。', '0', '规格二', '2', '未完成', '全款', '', '恋爱狙击', null, null, '0', '刘丽娟', null);
INSERT INTO `customer` VALUES ('27', '1289', '第38集团军', null, '男', '2018-01-12 00:00:00', '100', '0', '0', '辛春来', '张鑫萍', '正在服务', '1年备胎 喝醉酒 说错话 被女孩否定', '0', '规格二', '2', '未完成', '全款', '', '恋爱狙击', null, null, '0', '刘丽娟', null);
INSERT INTO `customer` VALUES ('28', '1186', 'Gaby', null, '女', '2017-12-29 00:00:00', '100', '0', '0', '邵冉', '张鑫萍', '正在服务', '结婚四年，一直没有引起老公的注意，吸引力不足	\n', '0', '规格二', '2', '未完成', '全款', '', '婚姻挽回', null, null, '0', '刘佳', null);
INSERT INTO `customer` VALUES ('29', '1185', '风', null, '男', '2017-12-29 00:00:00', '100', '0', '0', '宋鑫', '张鑫萍', '正在服务', '一味的惯着老婆 两个人都是小孩性格，老婆出轨 动手打人	\n', '0', '规格二', '2', '未完成', '全款', '', '婚姻挽回', null, null, '0', '刘佳', null);
INSERT INTO `customer` VALUES ('30', '1184', '1708的大厨', null, '女', '2017-12-29 00:00:00', '60', '60', '0', '宋鑫', '王鹏涛', '冻结服务', '一场争吵的误会引发分手，分手期男方亲人去世，受打击，有道坎	\n', '0', '规格一', '2', '未完成', '全款', '', '恋爱挽回', '2017-12-29 08:00:00', null, '0', '刘佳', null);
INSERT INTO `customer` VALUES ('31', '1285', '简简单单', null, '男', '2018-01-10 00:00:00', '100', '0', '0', '徐洋', '周昕', '正在服务', '都订婚了，但是因为自己不懂处理感情，女方对她很失望', '0', '规格二', '2', '未完成', '全款', '', '恋爱挽回', null, null, '0', '刘丽娟', null);
INSERT INTO `customer` VALUES ('32', '1183', '雨滴', null, '女', '2017-12-29 00:00:00', '100', '0', '0', '董顺奇', '孙晓彬', '正在服务', '恋爱四年女强人，大小姐脾气分手近半年，怀疑对方有第三者迹象	\n（1.5补1000 /1.29号补2000）', '0', '规格二', '1', '已给', '1.29补2000', '', '恋爱挽回', null, null, '0', '刘佳', '胡长青');
INSERT INTO `customer` VALUES ('33', '1284', '益丰', null, '男', '2018-01-10 00:00:00', '100', '0', '0', '张顾凡', '周昕', '正在服务', '相恋七八年要挽回', '0', '规格二', '2', '完成', '全款', '', '恋爱挽回', null, null, '0', '刘丽娟', null);
INSERT INTO `customer` VALUES ('34', '1182', '丽邦纸', null, '男', '2017-12-29 00:00:00', '100', '0', '0', '李媛媛', '高林霞', '正在服务', '婚姻挽回，对方失望了，没感情，以前在一起做生意，男的不管账女的管。现在是负债的情况，男的再还，这是导火索', '0', '规格二', '1', '已给', '全款', '', '婚姻挽回', null, null, '0', '刘佳', '胡长青');
INSERT INTO `customer` VALUES ('35', '1283', '冰凝雪', null, '女', '2018-01-10 00:00:00', '100', '0', '0', '宋鑫', '周昕', '停止服务', '异地，女生情商极其低，偏执，回去纠缠男方，所以男方抵触', '0', '规格二', '2', '完成', '已退款', '', '恋爱挽回', null, null, '0', '刘丽娟', '胡长青');
INSERT INTO `customer` VALUES ('36', '1181', '童言无忌', null, '女', '2017-12-29 00:00:00', '60', '0', '0', '周佳', '刘聪聪', '正在服务', '女强势，争强好胜，现在即将离婚	\n', '0', '规格一', '1', '完', '全款', '', '婚姻挽回', null, null, '0', '刘佳', null);
INSERT INTO `customer` VALUES ('37', '1282', 'Stewart', null, '男', '2018-01-09 00:00:00', '60', '0', '0', '张月亭', '王振磊', '正在服务', '男35 女23  男为博士，异地，相恋5年，分手两个月，男生因为辱骂女生一个周导致分手', '0', '规格一', '2', '完成', '1.20补款1000', '', '恋爱挽回', null, null, '0', '刘丽娟', null);
INSERT INTO `customer` VALUES ('38', '1281', '行者', null, '男', '2018-01-09 00:00:00', '100', '0', '0', '张顾凡', '张鑫萍', '正在服务', '交往太自私 只顾自己的感受 ', '0', '规格二', '2', '完成', '2.9号补款2000', '', '恋爱挽回', null, null, '0', '刘丽娟', null);
INSERT INTO `customer` VALUES ('39', '1280', '陌上浅尘', null, '男', '2018-01-09 00:00:00', '100', '0', '0', '董顺奇', '陈洁', '正在服务', '男91 女90 有一个两岁的儿子  男的妈宝男 因为和父母要不要一起住的问题和妻子一直在争吵 不会处理父母和妻子的关系 ', '0', '规格二', '1', '未完成', '1月底前补2000', '', '婚姻挽回', null, null, '0', '刘丽娟', null);
INSERT INTO `customer` VALUES ('40', '1279', '素妍面部形象', null, '女', '2018-01-09 00:00:00', '100', '0', '0', '邵冉', '张鑫萍', '正在服务', '婚外情 男压力太大 女子自私', '0', '规格二', '2', '完成', '1.19补1000,2.9补2000', '', '恋爱挽回', null, null, '0', '刘丽娟', null);
INSERT INTO `customer` VALUES ('41', '1200', '梵音入耳', null, '男', '2017-12-30 00:00:00', '150', '0', '0', '唐齐', '陈洁', '正在服务', '交往四个月 除了拉手搂一搂不敢下一步 内向情商低 女方实在受不了 提出分手 一直在跪舔挽回 想跟这个女朋友结婚', '0', '规格三', '1', '已给', '', '', '恋爱挽回', null, null, '0', '刘丽娟', null);
INSERT INTO `customer` VALUES ('42', '1180', '乜', null, '女', '2017-12-28 00:00:00', '60', '0', '0', '辛春来', '杨元元', '正在服务', '男方遇见事情容易软，不会处理问题，家庭也不看好，目前分手六个月，异地，不确定以后对方会不会出轨	\n', '0', '规格一', '2', '未完成', '全款', '', '恋爱挽回', null, null, '0', '刘佳', null);
INSERT INTO `customer` VALUES ('43', '1201', '涂鸦王', null, '女', '2017-12-30 00:00:00', '100', '0', '0', '李媛媛', '刘聪聪', '正在服务', '挽回前夫', '0', '高规格一', '1', '未完成', '全款', '', '婚姻挽回', null, null, '0', '刘丽娟', null);
INSERT INTO `customer` VALUES ('44', '1000', '因果律', null, '男', '2017-12-03 00:00:00', '60', '0', '0', '王辉', '宋浩然', '服务已过期', '分手后后悔，女反对男方比较排斥，但还是有交流', '0', '规格二', '2', '完成已给', '月内补齐2000', '', '恋爱挽回', null, null, '0', '邱新科', null);
INSERT INTO `customer` VALUES ('45', '1202', 'Huniiiiii', null, '男', '2017-12-31 00:00:00', '60', '0', '0', '郭会芹', '杨元元', '正在服务', '交往四个月，男方情商低，不太会说话', '0', '规格一', '2', '完成', '全款', '', '恋爱挽回', null, null, '0', '刘丽娟', null);
INSERT INTO `customer` VALUES ('46', '1203', '贺珂', null, '男', '2017-12-31 00:00:00', '100', '0', '0', '孙康', '陈洁', '正在服务', '与妻子有一个两岁的儿子，妻子以前做过陪酒小姐，童年不幸福，所以从不向人展开内心，目前妻子去了温州去ktv做陪酒，身边应该有了新男人，现在很想挽回妻子', '0', '规格二', '1', '已给', '全款', '', '婚姻挽回', null, null, '0', '刘丽娟', null);
INSERT INTO `customer` VALUES ('47', '1178', '渔', null, '男', '2017-12-28 00:00:00', '100', '0', '0', '唐齐', '高林霞', '正在服务', '  这个男的有婚姻，没感情。跟这个女人四年了，	\n', '0', '新规格二', '1', '已给', '全款', '', '婚外恋挽回', null, null, '0', '刘佳', null);
INSERT INTO `customer` VALUES ('48', '1179', '西瓜', null, '男', '2017-12-28 00:00:00', '60', '0', '0', '吕昊', '姚嘉', '正在服务', '恋爱狙击，女无窗口男直男。', '0', '规格一', '1', '未完成', '全款', '', '恋爱狙击', null, null, '0', '刘佳', null);
INSERT INTO `customer` VALUES ('49', '1177', '静水流深', null, '女', '2017-12-28 00:00:00', '60', '0', '0', '张月亭', '宋浩然', '正在服务', '女脾气很暴躁，男的也是，沟通当中情况很多，导致最后分手，谁都不让步	\n（1.28钱补款1000）', '0', '规格一', '2', '未完成', '1.28钱补款1000', '', '恋爱挽回', null, null, '0', '刘佳', null);
INSERT INTO `customer` VALUES ('50', '1204', '随心', null, '男', '2017-12-31 00:00:00', '150', '0', '0', '周佳', '高林霞', '正在服务', '是个律师  恋爱挽回  主要是家人不同意  提升自己的情商和解决和女方家庭的关系', '0', '新规格三', '1', '完成', '全款', '', '恋爱挽回', null, null, '0', '刘丽娟', '胡长青');
INSERT INTO `customer` VALUES ('51', '1175', 'Daisy兔子', null, '女', '2017-12-28 00:00:00', '60', '0', '0', '徐洋', '周昕', '正在服务', '需要改变和提升，现在男朋友对她不冷不热很痛苦	\n', '0', '规格一', '2', '未完成', '全款', '', '恋爱挽回', null, null, '0', '刘佳', null);
INSERT INTO `customer` VALUES ('52', '1205', '一枚小弹壳', null, '男', '2017-12-31 00:00:00', '60', '0', '0', '宋鑫', '杨元元', '正在服务', '认识一位异性，见过一次，想追求到对方，并且改变之前对方过对他的看法', '0', '规格一', '2', '完成', '全款', '', '恋爱狙击', null, null, '0', '刘丽娟', null);
INSERT INTO `customer` VALUES ('53', '1176', 'leleeee', null, '女', '2017-12-28 00:00:00', '60', '0', '0', '宋鑫', '周昕', '正在服务', '女情商低，不懂处理感情，现在男朋友要做朋友，而且正以朋友的方式处理	\n', '0', '规格一', '2', '未完成', '全款', '', '恋爱挽回', null, null, '0', '刘佳', null);
INSERT INTO `customer` VALUES ('54', '1206', '효성스러운사람', null, '女', '2017-12-31 00:00:00', '60', '0', '0', '周佳', '陈洁', '正在服务', '亲戚介绍的女方，聊过几次微信，见面后对方选择做朋友', '0', '规格一', '1', '完成', '全款', '', '恋爱狙击', null, null, '0', '刘丽娟', '胡长青');
INSERT INTO `customer` VALUES ('55', '1207', '赵竹浩', null, '男', '2017-12-31 00:00:00', '100', '0', '0', '郭会芹', '杨元元', '正在服务', '追求对方半年，一直不能把控感情，对方若即若离，自己不自信', '0', '规格二', '2', '完成', '优惠4500,1.20补2000', '', '恋爱挽回', null, null, '0', '刘丽娟', null);
INSERT INTO `customer` VALUES ('56', '1172', '一生有你', null, '男', '2017-12-28 00:00:00', '150', '0', '0', '王辉', '王鹏涛', '正在服务', '分居一年，之前总吵架	\n', '0', '新规格三', '2', '未完成', '全款', '', '婚姻挽回', null, null, '0', '刘佳', null);
INSERT INTO `customer` VALUES ('57', '1208', '飝', null, '男', '2017-12-31 00:00:00', '60', '0', '0', '辛春来', '杨元元', '正在服务', '因为喝酒的问题，一而再再而三的犯，对方失望，选择离开', '0', '规格一', '2', '未完成', '全款', '', '恋爱挽回', null, null, '0', '刘丽娟', null);
INSERT INTO `customer` VALUES ('58', '1209', '笨蛋', null, '男', '2017-12-31 00:00:00', '60', '0', '0', '吕昊', '陈洁', '正在服务', '男29女32 异地恋 女方美艳理智 男方不会拿捏 这次的问题是女方拒绝男方去看他 男方很有危机', '0', '规格一', '1', '未完成', '全款', '', '恋爱维护', null, null, '0', '刘丽娟', null);
INSERT INTO `customer` VALUES ('59', '1171', '唐馨玉', null, '女', '2017-12-28 00:00:00', '150', '0', '0', '张顾凡', '宋浩然', '停止服务', '女的是第三者，想维护和男方的关系，现在有点变淡了	\n（未补款停止服务）', '0', '规格三', '2', '未完成', '未补款', '', '恋爱维护', null, null, '0', '刘佳', '胡长青');
INSERT INTO `customer` VALUES ('60', '1210', '落败的唯美', null, '男', '2017-12-31 00:00:00', '100', '0', '0', '吕昊', '高林霞', '正在服务', '恋爱挽回  对方离过婚有孩子 两个人在一起两年后来分手了', '0', '低规格二', '1', '未完成', '全款', '', '恋爱挽回', null, null, '0', '刘丽娟', null);
INSERT INTO `customer` VALUES ('61', '1211', '阿浩', null, '男', '2018-01-01 00:00:00', '60', '0', '0', '唐齐', '张晓彬', '正在服务', '双方都是30岁，谈到谈婚论嫁的地步，女朋友说分手，半挽回半狙击', '0', '低规格一', '1', '已给', '全款', '', '恋爱挽回', null, null, '0', '刘丽娟', null);
INSERT INTO `customer` VALUES ('62', '1170', '陈捷', null, '男', '2017-12-28 00:00:00', '100', '0', '0', '董顺奇', '张政', '正在服务', '男情商低，老婆觉得生活缺少情绪，心思不在家里	\n', '0', '高规格一', '1', '完成', '全款', '', '婚姻挽回', null, null, '0', '刘佳', null);
INSERT INTO `customer` VALUES ('63', '1212', '我爱我家', null, '女', '2018-01-02 00:00:00', '180', '0', '0', '孙康', '孙莎莎', '正在服务', '认识十几年，结婚十年，离婚快两年，同岁36周岁，女老师，男做企业，2016年女出轨被发现，离婚后，男带小带大4岁的离异女人回去居住，离婚的两年时间女才知道原来男包养小姐各种出轨，现在女想要挽回家和家产', '0', '新规格三', '1', '已给', '1.20补3000', '', '婚姻挽回', null, null, '0', '刘丽娟', '胡长青');
INSERT INTO `customer` VALUES ('64', '1213', '凡夫俗子', null, '男', '2018-01-02 00:00:00', '100', '0', '0', '李媛媛', '姚嘉', '正在服务', '男，与妻子结婚十几年，育有两子，因和异性聊天被妻子发现而闹离婚，距今三个月，家里分居状态，妻子报复性出轨，抵触情绪明显，态度坚决，两人还常为此事吵架。女出轨对象也有家庭', '0', '规格二', '1', '未完成', '全款', '', '婚姻挽回', null, null, '0', '刘丽娟', null);
INSERT INTO `customer` VALUES ('65', '1169', '笑脸', null, '男', '2017-12-28 00:00:00', '60', '0', '0', '周佳', '张政', '正在服务', '挽回计划，对方心里分析，导师电话沟通3次，无服务期，不退款	\n', '0', '规格一', '1', '完成', '', '', '恋爱挽回', null, null, '0', '刘佳', null);
INSERT INTO `customer` VALUES ('66', '1214', '轩尼斯门窗-小金', null, '女', '2018-01-02 00:00:00', '60', '0', '0', '董顺奇', '姚嘉', '正在服务', '女，与丈夫认识三个月闪婚，后发现丈夫开始有家暴，酗酒，遂一年多后（20170511）提出离婚，女本身也有和前男友纠缠不清。  现联系方式只有QQ，两家人有一定矛盾，男现可能有新对象，抵触情绪中等，联系基本为0', '0', '规格一', '1', '未完成', '全款', '', '婚姻挽回', null, null, '0', '刘丽娟', null);
INSERT INTO `customer` VALUES ('67', '1168', '我姓李却离不开你', null, '男', '2017-12-28 00:00:00', '60', '0', '0', '邵冉', '王鹏涛', '正在服务', '总吵架，离婚2周	\n', '0', '规格一', '2', '未完成', '全款', '', '婚姻挽回', null, null, '0', '刘佳', null);
INSERT INTO `customer` VALUES ('68', '1167', '梁树力', null, '男', '2017-12-28 00:00:00', '100', '0', '0', '邵冉', '宋浩然', '正在服务', '小问题分手，之后女方对他很排斥，这个男的比较啰嗦，姿态很低	\n', '0', '规格二', '2', '未完成', '1.15日之前补款2000', '', '恋爱挽回', null, null, '0', '刘佳', null);
INSERT INTO `customer` VALUES ('69', '1166', 'Mercury', null, '男', '2017-12-28 00:00:00', '60', '0', '0', '辛春来', '宋浩然', '正在服务', '异国恋，女方又找了新的男朋友，男方想挽回和维护。	\n', '0', '规格一', '2', '未完成', '全款', '', '恋爱挽回', null, null, '0', '刘佳', null);
INSERT INTO `customer` VALUES ('70', '1165', '淡烟流水画屏幽', null, '男24', '2017-12-27 00:00:00', '60', '0', '0', '徐洋', '周昕', '正在服务', '男情商低，不懂处理感情，女生好不容易给她机会，没两天就分手了，现在很抵触他。', '0', '规格一', '2', '未完成', '全款', '', '恋爱挽回', null, null, '0', '刘佳', '胡长青');
INSERT INTO `customer` VALUES ('71', '1164', '林占雨', null, '男', '2017-12-27 00:00:00', '60', '0', '0', '吕慧', '刘聪聪', '正在服务', '女方感觉太累，男不知道珍惜，生病期间女方照顾，男方还发脾气	\n', '0', '规格一', '1', '完', '全款', '', '恋爱挽回', null, null, '0', '刘佳', null);
INSERT INTO `customer` VALUES ('72', '1163', '致命的执着', null, '男', '2017-12-27 00:00:00', '100', '0', '0', '宋鑫', '张鑫萍', '正在服务', '妻子坚决离婚，起诉法院	\n', '0', '规格一', '2', '未完成', '1.27日前补款2000', '', '婚姻挽回', null, null, '0', '刘佳', null);
INSERT INTO `customer` VALUES ('73', '1162', '子若轩铭', null, '男', '2017-12-27 00:00:00', '100', '0', '0', '王辉', '宋浩然', '正在服务', '异国恋，沟通不当分手，分手后一直没有合适方法挽回，现在女方很失望。	\n', '0', '规格二', '2', '未完成', '1.27日前补款2000', '可升级', '恋爱挽回', null, null, '0', '刘佳', '胡长青');
INSERT INTO `customer` VALUES ('74', '1161', 'Alice', null, '女29', '2017-12-27 00:00:00', '100', '0', '0', '郭会芹', '周昕', '正在服务', '情商很低，不懂处理感情，用错误的方法去挽回老公，所以现在对她非常抵触，而且外面有别的女人了	\n', '0', '', '2', '未完成', '全款', '', '婚姻挽回', null, null, '0', '刘佳', null);
INSERT INTO `customer` VALUES ('75', '1160', '心深似海', null, '男', '2017-12-27 00:00:00', '150', '0', '0', '吕慧', '高林霞', '正在服务', '婚姻维护 对方有人追 感情不好了 沟通能力差 提高情商 挽回爱情	\n', '0', '低规格三', '1', '完成', '一个月内补款3000', '', '婚姻挽回', null, null, '0', '刘佳', null);
INSERT INTO `customer` VALUES ('76', '1215', '王云龙', null, '女', '2018-01-02 00:00:00', '100', '0', '0', '吕慧', '高林霞', '正在服务', '结婚14年两个孩子 老公自己做生意 有了小三 做家庭主妇 没有魅力和吸引力 ', '0', '新规格二', '1', '未完成', '全款', '可升级', '婚姻挽回', null, null, '0', '刘丽娟', null);
INSERT INTO `customer` VALUES ('77', '1159', '冬青树-hollyhou', null, '女', '2017-12-27 00:00:00', '100', '0', '0', '邵冉', '宋浩然', '正在服务', '老两口冷战，持续很长时间了，女方没有办法改变。	\n', '0', '规格二', '2', '未完成', '全款', '', '婚姻维护', null, null, '0', '刘佳', null);
INSERT INTO `customer` VALUES ('78', '1216', '文', null, '男', '2018-01-02 00:00:00', '150', '0', '0', '周佳', '刘聪聪', '正在服务', '男经常讲道理，吸引力缺失，女说喜欢有钱的，相处模式不正确', '0', '规格三', '1', '未完成', '全款', '可升级', '婚姻挽回', null, null, '0', '刘丽娟', null);
INSERT INTO `customer` VALUES ('79', '1158', '风一样的男子', null, '男', '2017-12-27 00:00:00', '60', '0', '0', '邵冉', '杨元元', '正在服务', '刚结婚，男方完全不会把控关系发展，双方父母也牵扯进来，现在异地	\n', '0', '规格一', '2', '完成', '微信全款3000', '可升级', '婚姻挽回', null, null, '0', '刘佳', '胡长青');
INSERT INTO `customer` VALUES ('80', '392', '白山故人', null, '男', '2018-01-02 00:00:00', '100', '0', '0', '徐洋', '张鑫萍', '正在服务', '女友性格反复无常 不知道如何维护女友', '0', '规格二', '2', '完成', '全款', '', '恋爱挽回', null, null, '0', '刘丽娟', null);
INSERT INTO `customer` VALUES ('81', '1157', '万飞', null, '男', '2017-12-26 00:00:00', '100', '0', '0', '周佳', '张政', '正在服务', '婚姻挽回，老婆出轨（天天打麻将）	\n', '0', '规格二', '1', '完成', '微信3000一个月内补2000', '', '婚姻挽回', null, null, '0', '刘佳', null);
INSERT INTO `customer` VALUES ('82', '1217', '马军', null, '男', '2018-01-02 00:00:00', '150', '0', '0', '王辉', '周昕', '正在服务', '分居状态，前妻抵触。', '0', '高规格二', '2', '完成', '全款', '', '婚姻挽回', null, null, '0', '刘丽娟', '胡长青');
INSERT INTO `customer` VALUES ('83', '1218', 'A胡洪进', null, '男', '2018-01-02 00:00:00', '60', '0', '0', '辛春来', '宋浩然', '正在服务', '长期形成的离婚矛盾，女方对男方比较排斥，已经商定了离婚时间，男方想挽回婚姻。', '0', '规格一', '2', '完成', '全款', '可升级', '婚姻挽回', null, null, '0', '刘丽娟', null);
INSERT INTO `customer` VALUES ('84', '1156', '王鹏', null, '男', '2017-12-26 00:00:00', '100', '0', '0', '孙康', '刘聪聪', '正在服务', '男离异，女未婚，女有三段感情经历，男吸引力缺失	\n', '0', '规格二', '1', '已给', '全款', '可升级', '恋爱狙击', null, null, '0', '刘佳', null);
INSERT INTO `customer` VALUES ('85', '1219', '薛', null, '男', '2018-01-02 00:00:00', '100', '0', '0', '张顾凡', '张鑫萍', '正在服务', '不会聊天 不会讨女孩欢心', '0', '规格二', '2', '未完成', '全款', '', '恋爱狙击', null, null, '0', '刘丽娟', null);
INSERT INTO `customer` VALUES ('86', '1155', '朝夕', null, '男', '2017-12-26 00:00:00', '100', '0', '0', '王辉', '杨元元', '正在服务', '男方只是一味在金钱方面付出家庭，忽略对方，对方外企公作，因为沟通不到位，对方现在有第三者，但是为孩子没有离婚	\n', '0', '高规格二', '2', '完成', '微信全款8800', '可升级', '婚姻挽回', null, null, '0', '刘佳', '胡长青');
INSERT INTO `customer` VALUES ('87', '1220', '我是谁？大龙猫！', null, '男', '2018-01-02 00:00:00', '150', '0', '0', '孙康', '陈洁', '正在服务', '男27女26 男方是狱警 性格偏强势 两个人交往4个月 目前女方提出分手', '0', '规格三', '1', '已给', '月底前补3700', '', '恋爱挽回', null, null, '0', '刘丽娟', '胡长青');
INSERT INTO `customer` VALUES ('88', '1221', '木子李', null, '女', '2018-01-03 00:00:00', '100', '0', '0', '吕昊', '孙莎莎', '正在服务', '女33，男35离异无孩，女慢热型，男大方乐观型，婚恋网站相识，认识10个月，刚开始男主动，孩见过男的朋友，女第一次给了男，但是第一次的时候男抓疼了女，女说了句是不是玩多了，至此之后男不再主动，现在女跪舔式挽回。', '0', '规格二', '1', '未完成', '全款', '', '恋爱挽回', null, null, '0', '刘丽娟', null);
INSERT INTO `customer` VALUES ('89', '1154', 'LUNA兔兔', null, '女', '2017-12-26 00:00:00', '60', '0', '0', '吕慧', '高林霞', '正在服务', '恋爱挽回 对方就是跟她在一起太累了 但是还是喜欢她的  主要就是提升自己的魅力和沟通能力 	\n（活动规格一3000  后期如果升级加一千升级为规格二）', '0', '低规格一 ', '1', '完成', '加一千为规格二', '', '恋爱挽回', null, null, '0', '刘佳', '胡长青');
INSERT INTO `customer` VALUES ('90', '1222', '柯九思', null, '男', '2018-01-03 00:00:00', '100', '0', '0', '吕昊', '刘聪聪', '正在服务', '女现在有男朋友，男的由于感情疲倦，在恋爱期间对男方造成比较大的伤害', '0', '规格二', '1', '未完成', '全款', '可升级', '恋爱挽回', null, null, '0', '刘丽娟', null);
INSERT INTO `customer` VALUES ('91', '1153', '郭天棋', null, '男', '2017-12-25 00:00:00', '80', '0', '0', '吕慧', '姚嘉', '正在服务', '男，28 女29，认识一年，相处时间几个月，连手都没拉过，现在发展进入瓶颈，两人平时联系少，见面少，微信电话联系，现女态度冷漠，有时微信不回，邀约不应，对男有一些埋怨。	\n', '0', '规格一', '1', '完成', '全款', '', '长期关系', null, null, '0', '刘佳', null);
INSERT INTO `customer` VALUES ('92', '1223', '夜色阑珊', null, '女', '2018-01-03 00:00:00', '100', '0', '0', '唐齐', '高林霞', '正在服务', '50岁，二婚，比较喜欢吃哒对方，不会进行经营', '0', '规格二', '1', '已给', '全款', '', '婚姻挽回', null, null, '0', '刘丽娟', null);
INSERT INTO `customer` VALUES ('93', '1224', '大黄狗', null, '男', '2018-01-03 00:00:00', '60', '0', '0', '张顾凡', '李晓庆', '正在服务', '相恋8年，分手，女方表示不心疼她，不体谅她，女是网络小说写手，男，目前不知道做什么，工作不固定，但是有钱，女方分手也有他工作不稳定的原因，5年前男方出轨过，一年前双方家长见面，但是事后男方不采取任何结婚的行动，相处都是女方要求什么，男方做什么', '0', '规格一', '2', '完成', '全款', '可升级', '恋爱挽回', null, null, '0', '刘丽娟', null);
INSERT INTO `customer` VALUES ('94', '1152', '小咸菜', null, '男', '2017-12-25 00:00:00', '100', '0', '0', '李媛媛', '高林霞', '正在服务', '两个人在一个饭店  天天见面不说话 对方很反感他	\n（打九折4500先1000马上补3500）', '0', '新规格二', '1', '完成', '打九折4500', '', '婚姻挽回', null, null, '0', '刘佳', '胡长青');
INSERT INTO `customer` VALUES ('95', '1225', '曹浩浩！', null, '男', '2018-01-03 00:00:00', '100', '0', '0', '郭会芹', '杨元元', '正在服务', '打暑假工认识，女方是学生，男方你比较多疑，也不会设计话题', '0', '规格二', '2', '未完成', '全款', '', '恋爱挽回', null, null, '0', '刘丽娟', null);
INSERT INTO `customer` VALUES ('96', '1151', '咁就係咯', null, '男', '2017-12-25 00:00:00', '75', '0', '0', '郭会芹', '张鑫萍', '正在服务', '被女生当备胎，不会聊天，死直男	\n', '0', '规格一', '2', '完成', '全款', '', '恋爱狙击', null, null, '0', '刘佳', '胡长青');
INSERT INTO `customer` VALUES ('97', '1226', '满笔的惆怅', null, '男', '2018-01-03 00:00:00', '60', '0', '0', '李媛媛', '孙莎莎', '正在服务', '男24，女18，在一起2个月，原来是同事，都在酒店工作，后分开，恋爱期间给女花了1万，但是男不懂恋爱方式导致女跟其在一起很累，分手，男要挽回。', '0', '规格一', '1', '未完成', '全款', '', '恋爱挽回', null, null, '0', '刘丽娟', null);
INSERT INTO `customer` VALUES ('98', '1150', '重生，改变', null, '男', '2017-12-25 00:00:00', '67', '0', '0', '张月亭', '张鑫萍', '正在服务', '情绪很容易失控，小心眼	\n', '0', '规格一', '2', '完成', '全款', '', '恋爱挽回', null, null, '0', '刘佳', '胡长青');
INSERT INTO `customer` VALUES ('99', '1227', '咕噜噜', null, '女', '2018-01-03 00:00:00', '60', '0', '0', '徐洋', '周昕', '正在服务', '女生情商低，想提升和改变', '0', '规格一', '2', '完成', '全款', '', '恋爱提升', null, null, '0', '刘丽娟', null);
INSERT INTO `customer` VALUES ('100', '1228', '痛、无人知', null, '男', '2018-01-03 00:00:00', '100', '0', '0', '辛春来', '张鑫萍', '正在服务', '212566565365666', '0', '规格二', '2', '未完成', '全款', '', '婚姻挽回', null, null, '0', '刘丽娟', null);
INSERT INTO `customer` VALUES ('101', '1229', '微凉徒牟意浅半离兮', null, '男', '2018-01-03 00:00:00', '60', '0', '0', '唐齐', '高林霞', '正在服务', '在一起1年半 对方觉得他大男子主义性格不合 占有欲太强 关心过度 对方是护士 之前异地 现在不是了 分手四天了', '0', '低规格一', '1', '完成', '全款', '', '恋爱挽回', null, null, '0', '刘丽娟', null);
INSERT INTO `customer` VALUES ('102', '1230', '高压锅', null, '男', '2018-01-03 00:00:00', '60', '0', '0', '邵冉', '李晓庆', '正在服务', '男91年，交往76天，跟女生相处，总是认为自己是对方父亲或者儿子的角色，位置不平等。做事什么的都不考虑对方的感受，东北人，很急躁', '0', '规格一', '2', '完成', '全款', '', '恋爱挽回', null, null, '0', '刘丽娟', null);
INSERT INTO `customer` VALUES ('103', '1231', '凹凸曼', null, '女', '2018-01-03 00:00:00', '60', '0', '0', '郭会芹', '张鑫萍', '正在服务', '性格内向 不会说话 和老公没话说，老公总会和别的女人聊暧昧', '0', '规格一', '2', '完成', '全款', '', '婚姻维护', null, null, '0', '刘丽娟', null);
INSERT INTO `customer` VALUES ('104', '1232', '壹武所有', null, '男', '2018-01-03 00:00:00', '60', '0', '0', '徐洋', '宋浩然', '正在服务', '分手之后并没有很实质性的抵触，但是女方就是不同意符合，日常交流也很多', '0', '规格一', '2', '完成', '全款', '', '恋爱维护', null, null, '0', '刘丽娟', null);
INSERT INTO `customer` VALUES ('105', '1233', '西纳普斯', null, '男', '2018-01-03 00:00:00', '60', '0', '0', '唐齐', '高林霞', '正在服务', '没有在一起过 以前女有好感对他 现在没有了，直男', '0', '规格一', '1', '已给', '全款', '', '恋爱狙击', null, null, '0', '刘丽娟', null);
INSERT INTO `customer` VALUES ('106', '1149', 'baby chan', null, '女', '2017-12-25 00:00:00', '80', '0', '0', '唐齐', '姚嘉', '正在服务', '女，追自己喜欢的男性，初被拒，以朋友相处，后女拉黑男，反复几次，男删了女，后又在聚会中恢复正常联系，但女又作，男拉黑了，现在联系方式只有邮件，陌陌，男抵触情绪明显。	\n', '0', '规格一', '1', '完成', '全款', '', '恋爱狙击', null, null, '0', '刘佳', null);
INSERT INTO `customer` VALUES ('107', '1234', 'Y is ', null, '男', '2018-01-04 00:00:00', '60', '0', '0', '吕慧', '孙莎莎', '正在服务', '男24，女23，男性格直接，女公主，认识一年多，在一起3个月，游戏中的老婆是炮友女友知道这个事情后，心理一直都有心结，最后一次是因为男找炮友咨询女友的心理让女友知道之后彻底崩溃分手，男要挽回。女今天主动找男说过几天给他把暖风送给他', '0', '规格一', '1', '未完成', '全款', '', '恋爱挽回', null, null, '0', '刘丽娟', null);
INSERT INTO `customer` VALUES ('108', '1147', '我的小世界你不懂', null, '女', '2017-12-25 00:00:00', '100', '0', '0', '宋鑫', '李晓庆', '正在服务', '认识10个月，发生关系有了孩子，双方没有好好协商，她把孩子给打了，正是因为这一点，男方家里父母不同意，有意见，遇事很容易情绪化，现在心态很消极，不是抑郁症，只是情绪很容易波动，好好沟通她就可以缓解	\n（资深导师团队）', '0', '规格二', '2', '未完成', '全款', '', '恋爱挽回', null, null, '0', '刘佳', null);
INSERT INTO `customer` VALUES ('109', '1235', '梁骉', null, '男', '2018-01-04 00:00:00', '60', '0', '0', '徐洋', '王鹏涛', '正在服务', '情感疲惫，没什么矛盾', '0', '规格一', '2', '完成', '全款', '', '恋爱挽回', null, null, '0', '刘丽娟', null);
INSERT INTO `customer` VALUES ('110', '1236', '正汇', null, '男', '2018-01-04 00:00:00', '150', '0', '0', '王辉', '许闫闫', '正在服务', '男42岁 女27岁 男的情商低 不会聊天 女生觉得俩人不在一个频道上 ', '0', '规格三', '2', '完成', '全款', '', '恋爱挽回', null, null, '0', '刘丽娟', null);
INSERT INTO `customer` VALUES ('111', '1145', '张涛', null, '男', '2017-12-25 00:00:00', '100', '0', '0', '孙康', '张政', '正在服务', '没有感情基础，对方出轨，因为家庭原因假离婚多年未复婚，想挽回	\n', '0', '规格二', '1', '已给', '全款', '', '婚姻挽回', null, null, '0', '刘佳', null);
INSERT INTO `customer` VALUES ('112', '1144', 'vinvince', null, '男', '2017-12-25 00:00:00', '250', '0', '5000', '张顾凡', '杨元元', '正在服务', '之前没有恋爱经验，追求女方五个月不成功	\n', '0', '规格一', '2', '未完成', '全款', '', '恋爱挽回', null, null, '0', '刘佳', null);
INSERT INTO `customer` VALUES ('113', '1143', '黄K', null, '男', '2017-12-25 00:00:00', '60', '0', '0', '徐洋', '周昕', '正在服务', '都是大学生，男想挽回无果微信拉黑，沟通相处不好，女的抵触。	\n', '0', '规格一', '2', '未完成', '全款', '', '恋爱挽回', null, null, '0', '刘佳', null);
INSERT INTO `customer` VALUES ('114', '1238', 'annazwj', null, '女', '2018-01-04 00:00:00', '100', '0', '0', '辛春来', '王鹏涛', '正在服务', '解决跟导师的矛盾，提升情商，学学处对象', '0', '规格一', '2', '完成', '全款', '', '情商提高', null, null, '0', '刘丽娟', null);
INSERT INTO `customer` VALUES ('115', '1239', '月下魅影', null, '男', '2018-01-04 00:00:00', '60', '0', '0', '邵冉', '周昕', '正在服务', '和老婆分居，老婆 抵触他挽回', '0', '规格一', '2', '未完成', '全款', '', '婚姻挽回', null, null, '0', '刘丽娟', null);
INSERT INTO `customer` VALUES ('116', '1142', '雨夜', null, '女', '2017-12-25 00:00:00', '60', '0', '0', '李媛媛', '闫汉', '正在服务', '沟通问题吵架情绪积压，心在准备离婚，女方不同意	\n', '0', '规格一', '1', '完成', '全款', '', '婚姻挽回', null, null, '0', '刘佳', null);
INSERT INTO `customer` VALUES ('117', '1240', '玉要珍藏', null, '男', '2018-01-04 00:00:00', '60', '0', '0', '孙康', '孙莎莎', '正在服务', '女47，男550，两个人是二婚，女之前离婚是老公出轨，男老婆去世，经过婚介所相识，07年在一起，但是从未领个证，现在分居4个月了，男在网上征婚，女用朋友微信号跟男聊的还不错，家住复试', '0', '规格一', '1', '已给', '全款', '可升级', '恋爱挽回', null, null, '0', '刘丽娟', null);
INSERT INTO `customer` VALUES ('118', '1241', 'L', null, '男', '2018-01-04 00:00:00', '100', '0', '0', '周佳', '高林霞', '正在服务', '城管 发生了关系 对方都不承认是他女友 对方觉得他幼稚', '0', '规格二', '1', '未完成', '全款', '', '恋爱挽回', null, null, '0', '刘丽娟', null);
INSERT INTO `customer` VALUES ('119', '1141', '吕超GrandChao', null, '男', '2017-12-25 00:00:00', '100', '0', '0', '辛春来', '姜聪聪', '正在服务', '通过朋友介绍，男31岁女30岁认识。家里催的紧谈三周男提出见父母，女生不同意，女方答应让见他见表哥 吃饭气氛不是很，结束后男方没有结帐，女方觉得他抠，最主要还是他一直催见父母结婚的事，有点反感。	\n', '0', '规格一', '2', '未完成', '全款', '', '恋爱挽回', null, null, '0', '刘佳', null);
INSERT INTO `customer` VALUES ('120', '1242', '敢爱敢恨', null, '男', '2018-01-04 00:00:00', '60', '0', '0', '李媛媛', '姚嘉', '正在服务', '男，32，女31，妻子管经济比较严，男瞒着妻子办了信用卡，后因投资失败赔钱后被发现，已闹两年离婚，但仍同居，17年9月因女儿在学校挨打，后调解过程中，男擅自接受校方调节，再次引发矛盾。1.16法院开庭', '0', '规格一', '1', '未完成', '全款', '', '恋爱挽回', null, null, '0', '刘丽娟', null);
INSERT INTO `customer` VALUES ('121', '1243', '简单才是美', null, '男', '2018-01-04 00:00:00', '60', '0', '0', '吕慧', '刘聪聪', '正在服务', '小吵小闹，情绪积压，导致对方失望，吵架较多', '0', '规格一', '1', '未完成', '全款', '', '婚姻挽回', null, null, '0', '刘丽娟', null);
INSERT INTO `customer` VALUES ('122', '1140', '齐林海', null, '男', '2017-12-24 00:00:00', '150', '0', '0', '张顾凡', '张鑫萍', '正在服务', '婚外情，女法没有安全感，心内备受道德煎熬选择离开	\n', '0', '高规格二', '2', '未完成', '', '', '恋爱挽回', null, null, '0', '刘佳', null);
INSERT INTO `customer` VALUES ('123', '1244', 'Ray', null, '男', '2018-01-04 00:00:00', '100', '0', '0', '张顾凡', '李晓庆', '正在服务', '男82年，女92年，因为女工作的事情分手，女属于没有主见的，两个人经过男方好友，也就是女方叔叔认识，原先，女方不工作，男方养着她，快准备结婚了，男方说让女方出去工作，女方找到了，说要钱投资，男方直接硬口气说没钱，然后两个人就冷战了，现在分手，两个人属于男方让女方做什么她就做什么，但是问题就是男方只把目标给女方说，不和她说去怎么做', '0', '规格二', '2', '完成', '全款', '', '恋爱挽回', null, null, '0', '刘丽娟', null);
INSERT INTO `customer` VALUES ('124', '1139', 'kingsen', null, '女', '2017-12-24 00:00:00', '60', '0', '0', '邵冉', '王鹏涛', '正在服务', '男方有孩子，莫名其妙不联系了	\n', '0', '规格一', '2', '未完成', '全款', '', '恋爱挽回', null, null, '0', '刘佳', null);
INSERT INTO `customer` VALUES ('125', '1245', '愿得一人心', null, '男', '2018-01-04 00:00:00', '100', '0', '0', '张月亭', '张鑫萍', '正在服务', '女方不喜欢男生姿态低 没有框架', '0', '规格二', '2', '完成', '全款', '', '婚姻挽回', null, null, '0', '刘丽娟', null);
INSERT INTO `customer` VALUES ('126', '1138', '简简单单', null, '男', '2017-12-24 00:00:00', '100', '0', '0', '吕昊', '姚嘉', '正在服务', '男26女25，没见过面，聊了2月，女说想找个独生子女男不是，说不可能，常一起玩游戏', '0', '规格二', '1', '完成', '4000全款', '', '恋爱狙击', null, null, '0', '刘佳', null);
INSERT INTO `customer` VALUES ('127', '1137', 'Oliver段玥晴', null, '男', '2017-12-24 00:00:00', '100', '0', '0', '辛春来', '王鹏涛', '正在服务', '在一起半年，女方觉得男方不成熟，不理解她	\n（先交2000，月底补1000，下月20补2000）', '0', '规格二', '2', '完成', '先交2000，月底补1000，下月20补2000', '', '恋爱挽回', null, null, '0', '刘佳', null);
INSERT INTO `customer` VALUES ('128', '1136', '吴掌柜', null, '男', '2017-12-23 00:00:00', '100', '0', '0', '周佳', '陈洁', '正在服务', ' 男27 女29岁 男的是消防兵 女的床事需求大还有洁癖 男对女很惯着 愿付出 因为工作还有联系 	\n', '0', '规格二', '1', '完成', '全款', '', '恋爱挽回', null, null, '0', '刘佳', null);
INSERT INTO `customer` VALUES ('129', '1135', 'koufeng', null, '男', '2017-12-23 00:00:00', '150', '0', '0', '王辉', '王鹏涛', '正在服务', '喜欢一个女人，因为自己已婚且感情良好，对方不想破坏他家庭	\n', '0', '新规格三', '2', '未完成', '全款', '', '婚外情', null, null, '0', '刘佳', null);
INSERT INTO `customer` VALUES ('130', '1246', '晓晓', null, '男', '2018-01-05 00:00:00', '100', '0', '0', '孙康', '姚嘉', '正在服务', '男，分手2个月，相处5年，两人皆二婚，之前女不愿意住在男与前妻的房子里，要买房结婚，但男认为女刚做生意赔了20万，等还了债再买房，分手当时联系方式拉黑，后接触正常，有少许亲密行为，女现有新男友。抵触情绪明显，基本无联系', '0', '规格二', '1', '已给', '实付3000,7天补款', '', '恋爱挽回', null, null, '0', '刘丽娟', null);
INSERT INTO `customer` VALUES ('131', '1134', 'Ki子', null, '男', '2017-12-23 00:00:00', '100', '0', '0', '张顾凡', '王鹏涛', '正在服务', '在一起9年了，情商低，情感疲惫	\n', '0', '规格二', '2', '未完成', '全款', '', '恋爱挽回', null, null, '0', '刘佳', null);
INSERT INTO `customer` VALUES ('132', '1247', '一笑', null, '男', '2018-01-05 00:00:00', '60', '0', '0', '辛春来', '杨元元', '正在服务', '男方基本把心思放在工作上，家庭都是女方打理，女方觉得他不关心不理解自己，提出离婚', '0', '规格一', '2', '完成', '付2000,1.20补1000', '可升级', '婚姻挽回', null, null, '0', '刘丽娟', null);
INSERT INTO `customer` VALUES ('133', '1133', '大石头', null, '女', '2017-12-23 00:00:00', '60', '0', '0', '张顾凡', '李晓庆', '正在服务', '都是91年，异地恋四个月，分手原因是因为另外一个女生，女吃醋，日常相处情商低，不懂得如何表达，想的跟说的是两种意思，不会说话，属于话题终结者。	\n', '0', '规格一', '2', '未完成', '全款', '', '恋爱挽回', null, null, '0', '刘佳', null);
INSERT INTO `customer` VALUES ('134', '1249', '赵小鱼', null, '女', '2018-01-05 00:00:00', '60', '0', '0', '董顺奇', '高林霞', '正在服务', '老公跟小姨子在一起了 孩子四岁 离婚两个月  结婚七年 总是吵架', '0', '低规格一', '1', '未完成', '全款', '', '婚姻挽回', null, null, '0', '刘丽娟', null);
INSERT INTO `customer` VALUES ('135', '1132', '边锁', null, '男29', '2017-12-23 00:00:00', '60', '0', '0', '董顺奇', '陈洁', '正在服务', ' 29岁 女28岁 朋友介绍的女孩 喜欢上了一直追求 女孩不喜欢他 他中间朝女孩发火 女孩不理他了 他就微信骚扰 最后被拉黑了 现在想追求成功', '0', '规格一', '1', '完成', '全款', '', '恋爱狙击', null, null, '0', '刘佳', null);
INSERT INTO `customer` VALUES ('136', '1251', '搬家拉货包车接送', null, '男', '2018-01-05 00:00:00', '60', '0', '0', '董顺奇', '刘聪聪', '正在服务', '恋爱经验不足，不知道如何相处，导致分手', '0', '规格一', '1', '已给', '全款', '', '恋爱挽回', null, null, '0', '刘丽娟', null);
INSERT INTO `customer` VALUES ('137', '1131', '哦桑', null, '男', '2017-12-23 00:00:00', '60', '0', '0', '张顾凡', '张鑫萍', '正在服务', '异地恋，不会聊天	\n', '0', '规格一', '2', '未完成', '全款', '', '恋爱挽回', null, null, '0', '刘佳', null);
INSERT INTO `customer` VALUES ('138', '1252', '依思瓦尼', null, '男', '2018-01-05 00:00:00', '60', '0', '0', '唐齐', '闫汉', '正在服务', '女方认为男方没有安全感，导致分手', '0', '规格一', '1', '已给', '全款', '', '恋爱挽回', null, null, '0', '刘丽娟', null);
INSERT INTO `customer` VALUES ('139', '1129', ' W@nliN', null, '女', '2017-12-22 00:00:00', '100', '0', '0', '宋鑫', '王鹏涛', '正在服务', '在一起九年，情感疲惫	\n', '0', '规格二', '2', '未完成', '全款', '', '恋爱挽回', null, null, '0', '刘佳', null);
INSERT INTO `customer` VALUES ('140', '1253', '洋洋洒洒', null, '男', '2018-01-05 00:00:00', '150', '0', '0', '王辉', '张鑫萍', '正在服务', '婚内跟前女友纠缠不清 分开半年 在家人的帮助下最近取的联系', '0', '高规格三', '2', '完成', '2.5号补4000', '', '婚姻挽回', null, null, '0', '刘丽娟', null);
INSERT INTO `customer` VALUES ('141', '1254', '钱小石', null, '男', '2018-01-05 00:00:00', '150', '0', '0', '张月亭', '王鹏涛', '正在服务', '离婚半年，男有癫痫，银行工作，可以升级', '0', '新规格三', '2', '完成', '全款', '', '婚姻挽回', null, null, '0', '刘丽娟', null);
INSERT INTO `customer` VALUES ('142', '1128', '潇洒无牵挂', null, '男', '2017-12-22 00:00:00', '100', '0', '0', '徐洋', '宋浩然', '正在服务', '在一起6年，有一个孩子，男方隐瞒年龄问题和曾经结过婚的事实，女方很抵触。做过的错误挽回很多。女方很排斥，联系方式拉黑	\n', '0', '规格二', '2', '未完成', '全款', '', '恋爱问题', null, null, '0', '刘佳', null);
INSERT INTO `customer` VALUES ('143', '1255', '小云《美甲美瞳》', null, '女', '2015-01-05 00:00:00', '60', '0', '0', '徐洋', '王振磊', '正在服务', '昨天分手，男方已经回福建，女方现在在镇江，联系方式未拉黑，男方暂时没有经济收入，近三个月支出均靠女方，女方脾气大，男方自尊心受损', '0', '规格一', '2', '完成', '全款', '', '恋爱挽回', null, null, '0', '刘丽娟', null);
INSERT INTO `customer` VALUES ('144', '1127', '草木之心', null, '女', '2017-12-22 00:00:00', '60', '0', '0', '孙康', '张政', '正在服务', '相亲一个月结婚，经常异地，沟通不当，离婚后悔想挽回，之前在其他机构参加过课程，服务期到不满意加入我们，和她沟通用规格二的导师来服务', '0', '规格一', '1', '已给', '全款', '', '婚姻挽回', null, null, '0', '刘佳', null);
INSERT INTO `customer` VALUES ('145', '1256', '王亮', null, '男', '2018-01-06 00:00:00', '60', '0', '0', '李媛媛', '张政', '正在服务', ' 男，大学到工作恋爱4年，初恋，因男方工作忙疏忽了感情，女方失望，选择分手，有其他异性存在', '0', '规格一', '1', '已给', '全款', '', '恋爱挽回', null, null, '0', '刘丽娟', null);
INSERT INTO `customer` VALUES ('146', '1126', '白菜女人', null, '女', '2017-12-22 00:00:00', '60', '0', '0', '郭会芹', '王鹏涛', '正在服务', '异地，婚外情	\n', '0', '规格一', '2', '未完成', '全款', '', '婚外情', null, null, '0', '刘佳', null);
INSERT INTO `customer` VALUES ('147', '1125', '雪狼', null, '男', '2017-12-21 00:00:00', '100', '0', '0', '孙康', '姚嘉', '正在服务', '男35 女33  结婚一星期，离婚一星期， 认识至今八个月，见面十次以内，男二婚，女头婚，之前微信聊天居多，女在领证当天，就表现出犹豫，后来顺利结婚，但没几天就想离婚，男挽留无效，女离婚态度坚决，抵触情绪轻微，联系方式正常，但消息基本不回。	\n', '0', '规格二', '1', '已给', '全款', '', '婚姻挽回', null, null, '0', '刘佳', null);
INSERT INTO `customer` VALUES ('148', '1257', '修罗', null, '男', '2018-01-06 00:00:00', '100', '0', '0', '吕慧', '张政', '正在服务', '女友35离异有孩子跟男方  在夜场工作 脾气急 赌博欠债女友分手了 现在身边已经有其他人了  ', '0', '规格二', '1', '已给', '全款', '', '恋爱挽回', null, null, '0', '刘丽娟', null);
INSERT INTO `customer` VALUES ('149', '1258', '创英灯饰', null, '男', '2018-01-06 00:00:00', '60', '0', '0', '吕昊', '张政', '正在服务', '男，和女方都是离异的，交往三年，分分合合多次，都是男方的原因，后来女方失望开始接触其他异性爆发冲突，男方动手，最终导致分手，女方现在很抵触', '0', '规格一', '1', '完成', '全款', '', '恋爱挽回', null, null, '0', '刘丽娟', null);
INSERT INTO `customer` VALUES ('150', '1124', 'Ancenlin', null, '男29', '2017-12-21 00:00:00', '100', '0', '0', '宋鑫', '周昕', '正在服务', '要结婚的时候分手，说不合适，目前有别的男生接触他喜欢的女生	\n', '0', '规格二', '2', '完成', '全款', '', '恋爱挽回', null, null, '0', '刘佳', null);
INSERT INTO `customer` VALUES ('151', '1259', '丸子小芒果', null, '女', '2018-01-06 00:00:00', '60', '0', '0', '李媛媛', '姚嘉', '正在服务', '女，跟男友相处一年多，异地，男友对女性格不满意，且男友前任近期出现。俩人闹过分手最近，但没分彻底，现在确定了分手，联系仍有，对方无明显抵触情绪，但有新预选对象', '0', '规格一', '1', '完成', '全款', '', '恋爱挽回', null, null, '0', '刘丽娟', null);
INSERT INTO `customer` VALUES ('152', '1123', '马小帅', null, '男', '2017-12-21 00:00:00', '100', '0', '0', '张月亭', '张鑫萍', '正在服务', '异地，恋爱观念不同，女孩喜欢自由	\n', '0', '规格二', '2', '完成', '全款', '可升级', '长期关系', null, null, '0', '刘佳', null);
INSERT INTO `customer` VALUES ('153', '1260', 'echo', null, '女', '2018-01-06 00:00:00', '60', '0', '0', '孙康', '张政', '正在服务', '有一定社会地位不填写资料，要求通电话，要年龄大的导师双方年龄大概40  各自离异  5年异地 男方付出很多 关怀疼爱金钱  女方事业有成比男方社会地位高  现在男方想要放手 不想异地想一起生活  但是双方都条件不允许  男方觉得累了一直以女方为主  有点忽略男方感受', '0', '高规格一', '1', '完成', '全款', '', '恋爱挽回', null, null, '0', '刘丽娟', '孙康');
INSERT INTO `customer` VALUES ('154', '1122', '胖墩儿', null, '男', '2017-12-21 00:00:00', '100', '88', '0', '唐齐', '孙莎莎', '冻结服务', '日照人，典型直男癌思维，目前女非常抵触男方	\n（2018.1.15 补齐2000.1.2暂时冻结）', '0', '规格二', '1', '完成', '2018.1.15 补齐2000.1.2暂时冻结', '', '恋爱挽回', '2018-01-02 08:00:00', null, '0', '刘佳', null);
INSERT INTO `customer` VALUES ('155', '1261', '以后别做朋友', null, '男', '2018-01-07 00:00:00', '100', '0', '0', '张顾凡', '周昕', '正在服务', '无', '0', '规格二', '2', '完成', '全款', '', '恋爱挽回', null, null, '0', '刘丽娟', null);
INSERT INTO `customer` VALUES ('156', '1121', '难得糊涂', null, '男', '2017-12-21 00:00:00', '100', '0', '0', '邵冉', '张鑫萍', '正在服务', '离婚两年，情商低，控制不了情绪，妻子订婚	\n', '0', '规格二', '2', '完成', '全款', '', '婚姻挽回', null, null, '0', '刘佳', null);
INSERT INTO `customer` VALUES ('157', '1120', 'Murdoc', null, '男', '2017-12-21 00:00:00', '100', '0', '0', '张月亭', '郑强', '正在服务', '男 28岁，挽回前女友，前女友被人挖墙脚。	\n', '0', '规格二', '2', '未完成', '全款', '可升级', '恋爱挽回', null, null, '0', '刘佳', null);
INSERT INTO `customer` VALUES ('158', '1262', '四叶草', null, '男', '2018-01-07 00:00:00', '100', '0', '0', '辛春来', '王鹏涛', '正在服务', '92男追00女', '0', '规格二', '2', '完成', '全款', '', '恋爱狙击', null, null, '0', '刘丽娟', null);
INSERT INTO `customer` VALUES ('159', '1119', '流水逐风', null, '男', '2017-12-20 00:00:00', '100', '0', '0', '孙康', '高林霞', '正在服务', '对方可能出轨了 但是还是喜欢他  他害怕以后还出轨 提升自己吸引力	\n', '0', '新规格二', '1', '已给', '全款', '', '恋爱挽回', null, null, '0', '刘佳', null);
INSERT INTO `customer` VALUES ('160', '1263', '小不点', null, '女', '2018-01-07 00:00:00', '100', '0', '0', '张月亭', '张鑫萍', '正在服务', '女的脾气不好 经常吵架 控制不了情绪', '0', '规格二', '1', '完成', '全款', '', '婚姻挽回', null, null, '0', '刘丽娟', null);
INSERT INTO `customer` VALUES ('161', '1118', '骑骑', null, '男', '2017-12-20 00:00:00', '120', '0', '0', '董顺奇', '孙莎莎', '正在服务', '男33，女24，一起3年，男离异过女儿跟着自己的父母，女父母不同意跟男在一起，女现在i有个闺蜜把自己不好的婚姻生活告诉了女，女受影响很大更加坚定分开，女觉得跟男在一起压力太大，看不到希望，提出分手说没有办法接受男的女儿等等借口，已经跟其共同的朋友说了他们分手了。现在想要挽回。	\n', '0', '规格二', '1', '完成', '全款', '', '恋爱挽回', null, null, '0', '刘佳', null);
INSERT INTO `customer` VALUES ('162', '1264', '保保baby', null, '女', '2018-01-07 00:00:00', '150', '0', '0', '吕慧', '高林霞', '正在服务', '对方开公司很忙 沟通出现了问题 两个人都受伤害  曾经说过离婚男方说只要孩子 钱都给女方 ', '0', '新规格三', '1', '未完成', '全款', '', '婚姻挽回', null, null, '0', '刘丽娟', null);
INSERT INTO `customer` VALUES ('163', '1265', 'Frank', null, '男', '2018-01-07 00:00:00', '100', '0', '0', '郭会芹', '王鹏涛', '正在服务', '男42，女30，在一起七八年，现在女的跟一个男的住一起了', '0', '规格二', '2', '完成', '月底补2000', '', '恋爱挽回', null, null, '0', '刘丽娟', null);
INSERT INTO `customer` VALUES ('164', '1117', '浩博', null, '男', '2017-12-20 00:00:00', '60', '0', '0', '宋鑫', '王鹏涛', '正在服务', '两年前跟女生分手，现在没走出来	\n', '0', '规格一', '2', '未完成', '全款', '', '心理疏导', null, null, '0', '刘佳', null);
INSERT INTO `customer` VALUES ('165', '1266', '暗杠', null, '男的', '2018-01-07 00:00:00', '150', '0', '0', '周佳', '陈洁', '正在服务', '无', '0', '规格三', '1', '未完成', '月底补3000', '', '恋爱挽回', null, null, '0', '刘丽娟', null);
INSERT INTO `customer` VALUES ('166', '1116', '天涯我牌', null, '男', '2017-12-19 00:00:00', '100', '0', '0', '宋鑫', '张鑫萍', '正在服务', '异地，男的一直疑神疑鬼，担心女生是耍她，一直试探女生，导致女生受不了	\n（好久没说话，一直未补款）', '0', '规格二', '2', '完成', '月底前补2000', '', '恋爱挽回', null, null, '0', '刘佳', null);
INSERT INTO `customer` VALUES ('167', '1115', '葛小月', null, '男', '2017-12-19 00:00:00', '60', '0', '0', '郭会芹', '王鹏涛', '正在服务', '29岁低情商男	\n', '0', '规格一', '2', '完成', '1000,22号补2000', '', '恋爱维护', null, null, '0', '刘佳', null);
INSERT INTO `customer` VALUES ('168', '1114', '罗辰', null, '男', '2017-12-19 00:00:00', '60', '0', '0', '吕慧', '刘聪聪', '正在服务', '男吸引力缺失导致分手，学生', '0', '规格一', '1', '完成', '全款', '', '恋爱挽回', null, null, '0', '刘佳', null);
INSERT INTO `customer` VALUES ('169', '1113', '詹小妮', null, '女', '2017-12-19 00:00:00', '60', '0', '0', '宋鑫', '张鑫萍', '正在服务', '被甩两次，男生出轨 挽回报复	\n', '0', '规格一', '2', '完成', '全款', '', '恋爱挽回', null, null, '0', '刘佳', null);
INSERT INTO `customer` VALUES ('170', '1267', '大浪淘沙', null, '男', '2018-01-08 00:00:00', '100', '0', '0', '李媛媛', '高林霞', '正在服务', '都离过婚 然后两个人很契合 但是双方的孩子打架 就导致了矛盾', '0', '新规格二', '1', '未完成', '全款', '', '恋爱挽回', null, null, '0', '刘丽娟', null);
INSERT INTO `customer` VALUES ('171', '1112', 'camille', null, '女', '2017-12-19 00:00:00', '60', '0', '0', '吕慧', '姚嘉', '正在服务', '女，男方是琴行老板，女为下面的老师，之前男喜欢女，频频追击，但女碍于有男友，一直表现的比较拒绝，后来与男友分手，心里虽然想跟男发展，但自己矛盾徘徊，又让男的主动碰壁多次，男渐渐失去兴趣。	\n', '0', '规格一', '1', '完成', '全款', '', '恋爱挽回', null, null, '0', '刘佳', null);
INSERT INTO `customer` VALUES ('172', '1268', '王康', null, '男', '2018-01-08 00:00:00', '60', '0', '0', '邵冉', '周昕', '正在服务', '两个人都在同一个工厂上班，他妻子一定要离婚，现在处于要搬家的状态', '0', '规格一', '2', '未完成', '全款', '', '婚姻挽回', null, null, '0', '刘丽娟', null);
INSERT INTO `customer` VALUES ('173', '1111', '肖', null, '男', '2017-12-19 00:00:00', '60', '0', '0', '王辉', '张鑫萍', '正在服务', '40岁大龄单身，不会聊天讨女生开心	\n', '0', '规格一', '2', '完成', '全款', '', '恋爱狙击', null, null, '0', '刘佳', null);
INSERT INTO `customer` VALUES ('174', '1269', '骆驼', null, '男', '2018-01-08 00:00:00', '60', '0', '0', '吕慧', '高林霞', '正在服务', '恋爱挽回 姿态低  在一起两个月 分手一个周左右 提升吸引力', '0', '低规格一', '1', '未完成', '全款', '', '恋爱挽回', null, null, '0', '刘丽娟', null);
INSERT INTO `customer` VALUES ('175', '1110', '小邬', null, '男', '2017-12-19 00:00:00', '60', '0', '0', '宋鑫', '李晓庆', '正在服务', '男出轨，后回归家庭，离婚原因是又联系出轨女方，说是为了利益关系，结婚5年，两三个月没有沟通，就出现现在的问题，现在老婆起诉离婚。', '0', '规格一', '2', '完成', '全款', '可升级', '婚姻挽回', null, null, '0', '刘佳', null);
INSERT INTO `customer` VALUES ('176', '1270', 'Mr fan', null, '男', '2018-01-08 00:00:00', '100', '0', '0', '张顾凡', '周昕', '正在服务', '男女都没谈过恋爱，异地恋，男方什么都不懂', '0', '规格二', '2', '完成', '全款', '', '恋爱狙击', null, null, '0', '刘丽娟', null);
INSERT INTO `customer` VALUES ('177', '1271', 'orgion', null, '男', '2018-01-08 00:00:00', '100', '0', '0', '张月亭', '张鑫萍', '正在服务', '不会聊天，不懂女生', '0', '规格二', '2', '完成', '全款', '', '恋爱挽回', null, null, '0', '刘丽娟', null);
INSERT INTO `customer` VALUES ('178', '1109', '王星一', null, '男', '2017-12-19 00:00:00', '10', '0', '0', '吕昊', '姚嘉', '停止服务', '男，与女友相处两年，之前对女友不关心不在乎，没有上进心，女觉得累提出分手，分开9天，自行挽回造成女抵触情绪明显，联系方式正常。男父母干预无效	\n（1000指导10天 辅导已结束）', '0', '规格一', '1', '完成', '全款', '', '恋爱挽回', null, null, '0', '刘佳', '吕昊');
INSERT INTO `customer` VALUES ('179', '1272', '塞北狼', null, '男', '2018-01-08 00:00:00', '100', '0', '0', '郭会芹', '王鹏涛', '正在服务', '男53，市属国企副总，女方恋爱三年，只牵过手，现在女方分手，刚给女方买了150平房子', '0', '新规格二', '2', '完成', '全款', '', '恋爱挽回', null, null, '0', '刘丽娟', null);
INSERT INTO `customer` VALUES ('180', '1108', '树林', null, '男', '2017-12-19 00:00:00', '100', '0', '0', '郭会芹', '李晓庆', '正在服务', '婚外情一年，分手原因就是女方有人追求，男方就说要是有好的你就跟了吧，导致女方没有安全感，紧急状况就是今晚上两人见面，需要应对措施，24号平安夜男方生日，这段期间两个人在一起，女方表示，过完生日就分手，这一段时间需要紧急应急，婚姻状态维持不错，最大问题是沟通，补款和升级就看前期的应急措施', '0', '高规格二', '2', '完成', '全款', '可升级', '婚外情挽回、维护', null, null, '0', '刘佳', null);
INSERT INTO `customer` VALUES ('181', '1273', '郑丁诚', null, '男', '2018-01-09 00:00:00', '0', '0', '0', '吕慧', '孙莎莎', '正在服务', '异地恋，27，挽回前女友，很乖可升级', '0', '规格一', '1', '未完成', '全款', '可升级', '恋爱挽回', null, null, '0', '刘丽娟', '周佩佩');
INSERT INTO `customer` VALUES ('182', '1107', '太1真人', null, '男', '2017-12-19 00:00:00', '60', '0', '0', '张顾凡', '李晓庆', '正在服务', '女孩27高冷。男孩26被动，男孩情商低，认识两个多月，男最大缺点，聊死天，直男癌', '0', '规格一', '2', '完成', '全款', '可升级', '恋爱狙击', null, null, '0', '刘佳', null);
INSERT INTO `customer` VALUES ('183', '1106', '说句心里话，', null, '男', '2017-12-18 00:00:00', '60', '0', '0', '徐洋', '宋浩然', '正在服务', '异地恋情感疲惫分手。	\n', '0', '规格一', '2', '完成', '全款', '', '恋爱挽回', null, null, '0', '刘佳', null);
INSERT INTO `customer` VALUES ('184', '1274', '张张', null, '女', '2018-01-09 00:00:00', '60', '0', '0', '辛春来', '宋浩然', '正在服务', '婚外情，女方有婚姻，给了男方很大压力，男方想退缩，女方想挽留', '0', '规格一', '2', '完成', '全款', '可升级', '恋爱挽回', null, null, '0', '刘丽娟', null);
INSERT INTO `customer` VALUES ('185', '1105', '小王', null, '男', '2017-12-18 00:00:00', '100', '0', '0', '张顾凡', '王鹏涛', '正在服务', '男方很软，女方说他不爷们，全拉黑了	\n', '0', '规格二', '2', '完成', '全款', '', '恋爱挽回', null, null, '0', '刘佳', null);
INSERT INTO `customer` VALUES ('186', '1275', 'only you ', null, '男', '2018-01-09 00:00:00', '60', '0', '0', '孙康', '姚嘉', '正在服务', '男，与女相识一年，7月之前同在外地出差，关系进展良好，但之后女回北京，两人联系减少，中间女有事情男也没及时关心，12月男回京约见，女抵触情绪明显，现在联系方式都有，聊天基本不回', '0', '规格一', '1', '未完成', '全款', '', '恋爱狙击', null, null, '0', '刘丽娟', null);
INSERT INTO `customer` VALUES ('187', '1276', '我是一个胖纸', null, '女', '2018-01-09 00:00:00', '60', '0', '0', '唐齐', '刘聪聪', '正在服务', '异地，吵架，感情维护', '0', '规格一', '1', '未完成', '全款', '', '感情维护', null, null, '0', '刘丽娟', null);
INSERT INTO `customer` VALUES ('188', '1104', '竹林风', null, '男', '2017-12-18 00:00:00', '60', '0', '0', '李媛媛', '姚嘉', '正在服务', '男，跟女友都是二婚，在一起一年多，因孩子要上学，男得和女分开异地，女舍不得，挽留无效，分开后男却怀疑女出轨，遂吵架，还要了之前给女的钱，女生气提出分手，现在断联一个多月，女抵触情绪明显，联系方式无。	\n', '0', '规格一', '1', '已给', '全款', '', '恋爱挽回', null, null, '0', '刘佳', null);
INSERT INTO `customer` VALUES ('189', '1103', '一米阳光', null, '男', '2017-12-18 00:00:00', '60', '0', '0', '孙康', '姚嘉', '正在服务', '我36岁，她32岁，经亲戚介绍认识的，一起相处了八个月，刚认识三个月她提出结婚我没答应，没联系三天后我主动找了她，又走在一起了，国庆节前跟她说好年底结婚，她也同意了。放完国庆节节后她突然跟我说要分手，分手后我做了所有不该做的事《死缠烂打，公司，她家楼下等她，最后还割脉》来挽回，结果被她拉黑所以联系。断联四天后我又用支付宝聊天加上她为好友，因为不懂得和聊天，过多的说了要复合的话又被她拉黑了。这次断联十天后，我用另一个手机微信加了她，开始她不知道是我，通过了后，我告诉她我是谁，表明只做朋友后，就没聊下去，隔了几天再发信息给她，她就不回了。到现在我也不敢再发信息了。《分手原因是，是欺骗过她一次，因个人债务没坦白告诉她，还有就是平时对她关心不够，有什么话又没有和她说，她觉得这样过下去很累，所以提出分手》', '0', '规格一', '1', '已给', '全款', '', '恋爱挽回', null, null, '0', '刘佳', null);
INSERT INTO `customer` VALUES ('190', '1277', '糯米', null, '女', '2018-01-09 00:00:00', '150', '0', '0', '吕昊', '姚嘉', '正在服务', '女20，男34，与男友7月从网上相识，9月底奔现，国庆同去旅游，发现男与另一女视频，遂吵架几天，女还动手，回来后冷战，联系减少，男情感消极，闹过几次分手，后男以父母不同意为由坚持分手，女谎称自己怀孕，后男给了女一些分手费，俩人彻底断开联系，现男在国外，一切联系方式没有', '0', '高规格二', '1', '未完成', '全款', '', '恋爱挽回', null, null, '0', '刘丽娟', null);
INSERT INTO `customer` VALUES ('191', '1278', '徐琴', null, '女', '2018-01-09 00:00:00', '45', '0', '0', '周佳', '孙莎莎', '正在服务', '报过其他机构课程，朋友圈建设对她目前作用不大，吸引不到男方，   聊了两年没在一起，男说感觉不到位，女太过着急结婚，给男很大压力', '0', '规格二', '1', '未完成', '全款', '', '恋爱挽回', null, null, '0', '刘丽娟', null);
INSERT INTO `customer` VALUES ('192', '1102', 'ThVoec', null, '男', '2017-12-18 00:00:00', '100', '0', '0', '邵冉', '王鹏涛', '正在服务', '女方出轨三年，男的很软弱', '0', '高规格一', '2', '完成', '月底补1000，1.18前补2000', '', '婚姻挽回', null, null, '0', '刘佳', null);
INSERT INTO `customer` VALUES ('193', '1101', '木木', null, '女', '2017-12-17 00:00:00', '100', '0', '0', '张顾凡', '张鑫萍', '正在服务', '分手一年，报过很多团队，引不起男生的兴趣	\n', '0', '规格二', '2', '完成', '全款', '', '恋爱挽回', null, null, '0', '刘佳', '胡长青');
INSERT INTO `customer` VALUES ('194', '1100', '轩铭', null, '男', '2017-12-17 00:00:00', '60', '0', '0', '宋鑫', '周昕', '正在服务', '女生觉得男生不成熟要挽回，关系还能和普通朋友一样正常交流。	\n', '0', '规格一', '2', '完成', '全款', '', '恋爱挽回', null, null, '0', '刘佳', null);
INSERT INTO `customer` VALUES ('195', '1001', '明年此时', null, '男', '2017-12-03 00:00:00', '60', '0', '0', '张顾凡', '李晓庆', '正在服务', '无', '0', '规格一', '2', '未完成', '', '', '恋爱挽回', null, null, '0', '邱新科', null);
INSERT INTO `customer` VALUES ('196', '1002', '江上愉', null, '男', '2017-12-03 00:00:00', '60', '0', '0', '张顾凡', '王鹏涛', '正在服务', '无', '0', '规格一', '2', '未完成', '', '可升级', '恋爱狙击', null, null, '0', '邱新科', null);
INSERT INTO `customer` VALUES ('197', '1003', '小巍哥', null, '男', '2017-12-03 00:00:00', '100', '0', '0', '张顾凡', '张鑫萍', '正在服务', '无', '0', '新规格二', '2', '未完成', '', '', '恋爱挽回', null, null, '0', '邱新科', null);
INSERT INTO `customer` VALUES ('198', '1004', '杨兆辉', null, '男', '2017-12-03 00:00:00', '60', '0', '0', '宋鑫', '聪聪', '正在服务', '无', '0', '规格一', '2', '完成', '', '可升级', '恋爱挽回', null, null, '0', '邱新科', null);
INSERT INTO `customer` VALUES ('199', '1005', '我是大理想', null, '男', '2017-12-04 00:00:00', '150', '0', '0', '邵冉', '张鑫萍', '正在服务', '无', '0', '高规格二', '2', '完成', '', '可升级', '婚姻挽回', null, null, '0', '邱新科', null);
INSERT INTO `customer` VALUES ('200', '1006', '淘淘', null, '女', '2017-12-04 00:00:00', '100', '0', '0', '邵冉', '宋浩然', '正在服务', '无', '0', '规格二', '2', '未完成', '', '', '婚姻挽回', null, null, '0', '邱新科', null);
INSERT INTO `customer` VALUES ('201', '1007', '银黑军团', null, '男', '2017-12-04 00:00:00', '60', '59', '0', '张顾凡', '张鑫萍', '冻结服务', '无', '0', '规格一', '2', '完成', '', '可升级', '恋爱维护', '2017-12-05 08:00:00', null, '0', '邱新科', null);
INSERT INTO `customer` VALUES ('202', '1008', '陆文龙', null, '男', '2017-12-04 00:00:00', '60', '0', '0', '周佳', '高林霞', '正在服务', '无', '0', '新规格一', '1', '完成', '半个月补齐1000', '', '恋爱维护', null, null, '0', '邱新科', null);
INSERT INTO `customer` VALUES ('203', '1009', '昊子', null, '男', '2017-12-04 00:00:00', '60', '0', '0', '吕昊', '孙莎莎', '正在服务', '已升级导师专项7800元。', '0', '规格一', '1', '完成', '', '可升级', '婚姻挽回', null, null, '0', '邱新科', '吕昊');
INSERT INTO `customer` VALUES ('204', '951', '张小闹', null, '女', '2017-11-25 00:00:00', '60', '0', '0', '孙康', '姚嘉', '正在服务', '女， 分手两个多月，刚开始跪舔后来断联三周，本来是别家指导挽回的，快成了自己没崩住，跟前男友发生了性关系，结果男方又开始冷淡了，男渣女傻', '0', '规格一', '1', '完成', '全款', '', '恋爱挽回', null, null, '0', '刘丽娟', '周佩佩');
INSERT INTO `customer` VALUES ('205', '1301', '周口设计师黄磊', null, '男', '2018-01-14 00:00:00', '100', '0', '0', '张月亭', '张鑫萍', '正在服务', '情商低 谈恋爱只顾着自己 忽略另一半', '0', '规格二', '2', '未完成', '2.13前补2000', '', '恋爱挽回', null, null, '0', '胡长青', '胡长青');
INSERT INTO `customer` VALUES ('206', '1010', '和合二仙', null, '男', '2017-12-04 00:00:00', '100', '0', '0', '周佩佩', '高林霞', '正在服务', '已经离婚 对方出轨  曾经有过过激行为 ', '0', '高规格二', '1', '完成', '', '可升级', '婚姻挽回', null, null, '0', '邱新科', null);
INSERT INTO `customer` VALUES ('207', '1302', '清风徐来', null, '女', '2018-01-14 00:00:00', '100', '0', '0', '周佩佩', '闫汉', '停止服务', '相处方式存在问题，女性做事过激导致分手\n已退款', '0', '规格二', '1', '未完成', '全款', '', '恋爱挽回', null, null, '0', '胡长青', '周佩佩');
INSERT INTO `customer` VALUES ('208', '952', '小琳', null, '女', '2017-11-25 00:00:00', '180', '0', '0', '王辉', '王辉', '正在服务', '无', '0', '规格一', '2', '完成', '只交6500', '', '恋爱挽回', null, null, '0', '刘丽娟', '胡长青');
INSERT INTO `customer` VALUES ('209', '949', '小靓靓', null, '女', '2017-11-25 00:00:00', '60', '0', '0', '周佳', '高玲', '正在服务', '有点抑郁，老公要离婚。（目前长时间无消息回复。）', '0', '高规格一', '1', '完成', '全款', '', '婚姻挽回', null, null, '0', '刘佳', null);
INSERT INTO `customer` VALUES ('210', '1303', 'Rf', null, '男', '2018-01-14 00:00:00', '60', '0', '0', '徐洋', '杨元元', '正在服务', '男方刚考完研，理科生，女方是校级活动组织者，文科生，比较优秀，女方感觉在一起久了，枯燥', '0', '规格一', '2', '未完成', '全款', '', '恋爱挽回', null, null, '0', '胡长青', null);
INSERT INTO `customer` VALUES ('211', '948', '佘奥', null, '男', '2017-11-25 00:00:00', '60', '0', '0', '吕昊', '姚嘉', '正在服务', '男，93年，相亲认识一对象，相处两个月，见面约会三次，女方昨天说不合适。	\n', '0', '规格一', '1', '完成', '全款', '可升级', '恋爱狙击', null, null, '0', '刘佳', null);
INSERT INTO `customer` VALUES ('212', '1011', '请叫我姜先生', null, '男', '2017-12-04 00:00:00', '60', '0', '0', '王辉', '张鑫萍', '冻结服务', '无', '0', '规格一', '2', '未完成', '', '', '恋爱挽回', null, null, '0', '邱新科', '胡长青');
INSERT INTO `customer` VALUES ('213', '947', '石头', null, '男', '2017-11-24 00:00:00', '100', '0', '0', '董顺奇', '姚嘉', '正在服务', '男，38，女32，结婚十年，小孩7岁，至今分居三个月了，去年因要买房领了离婚证，常年小事争吵，造成现在闹离婚。	\n', '0', '高规格一', '1', '完成', '全款', '', '婚姻挽回', null, null, '0', '刘佳', null);
INSERT INTO `customer` VALUES ('214', '953', '晓海', null, '男', '2017-11-25 00:00:00', '60', '0', '0', '邵冉', '张鑫萍', '停止服务', '无', '0', '规格一', '1', '完成', '全款', '', '恋爱挽回', null, null, '0', '刘丽娟', '胡长青');
INSERT INTO `customer` VALUES ('215', '946', '神舟', null, '男', '2017-11-24 00:00:00', '60', '0', '0', '李媛媛', '曲浩伦', '正在服务', '前期女对男好，男不珍惜，现在女不付出了，男想要恢复原来关系。	\n', '0', '规格一', '1', '完成', '全款', '可升级', '恋爱维护', null, null, '0', '刘佳', null);
INSERT INTO `customer` VALUES ('216', '945', '邵峰', null, '男', '2017-11-24 00:00:00', '100', '0', '0', '宋鑫', '张鑫萍', '正在服务', '情感疲惫 没有考虑女生的感受 坚决分手	\n', '0', '规格二', '2', '完成', '全款', '', '恋爱挽回', null, null, '0', '刘佳', null);
INSERT INTO `customer` VALUES ('217', '943', 'Z.B', null, '男', '2017-11-24 00:00:00', '100', '0', '0', '王辉', '张鑫萍', '正在服务', '家暴 第三者 现在还能联系', '0', '高规格一', '2', '完成', '全款', '', '婚姻挽回', null, null, '0', '刘佳', null);
INSERT INTO `customer` VALUES ('218', '954', '。。。。。。', null, '男', '2018-11-26 00:00:00', '60', '0', '0', '宋鑫', '张鑫萍', '正在服务', '男的当兵 互相不信任导致女生对男生很失望', '0', '规格一', '2', '完成', '全款', '', '恋爱挽回', null, null, '0', '刘丽娟', null);
INSERT INTO `customer` VALUES ('219', '942', '火星撞地球', null, '男', '2017-11-24 00:00:00', '100', '0', '0', '邵冉', '赵兴宇', '正在服务', '男方负债，对家庭贡献少，不会经营夫妻关系，女方坚持离婚	\n', '0', '规格二', '2', '完成', '全款', '', '婚姻挽回', null, null, '0', '刘佳', null);
INSERT INTO `customer` VALUES ('220', '941', '梦想、理应飞翔', null, '男', '2017-11-24 00:00:00', '100', '0', '0', '宋鑫', '刘聪聪', '正在服务', '异地恋，女大学，吸引力缺失，三观不和，直男思维，有情敌出现	\n', '0', '规格二', '2', '完成', '全款', '', '恋爱挽回', null, null, '0', '刘佳', null);
INSERT INTO `customer` VALUES ('221', '940', 'Corbusier陈', null, '男', '2017-11-23 00:00:00', '200', '0', '0', '吕昊', '孙莎莎', '停止服务', '男24，女22，女刚毕业去北京，男比女早一年时间工作，也在北京，做是室内设计，因闹矛盾分开辞职，目前在家接私活。在一起相处中告白两次女都没有接受也没有拒绝，总是花钱给女买这买那，帮女在北京租房被骗几千，女说慢慢还钱给男，有次去吃饭男花3000给女，女不高兴。经常花钱不在点上，不了解女人，不会恋爱，相处4个月时间。	\n', '0', '规格二', '1', '完成', '已退款', '', '恋爱挽回', null, null, '0', '刘佳', '胡长青');
INSERT INTO `customer` VALUES ('222', '955', '老友', null, '男', '2017-11-26 00:00:00', '150', '0', '0', '周佳', '孙莎莎', '正在服务', '38岁，结婚十几年，两个孩子，大的9岁，小的一岁，尤其是生完二子对女主的情感就疏忽了，这些年女主觉得男主对自己不关心，婆婆家经常欺负自己老公也不站在自己的这一边，男主不懂长期关系维护，导致现在离婚，离婚不离家，女主跟孩子一起睡，有时男主找女碰她女并没有太反抗，只是说现在不合适。女现在有个男友刚开始不久，女跟这个男人在一起有安全感。现在男主非常颓废，精神状态也不好', '0', '规格三', '1', '完成', '全款', '', '婚姻挽回', null, null, '0', '刘丽娟', null);
INSERT INTO `customer` VALUES ('223', '956', '何建宏', null, '男', '2017-11-27 00:00:00', '60', '0', '0', '王辉', '刘聪聪', '正在服务', '在一起五年，情商低，全拉黑，异地，相处模式不正确', '0', '高规格一', '2', '完成', '全款', '', '恋爱挽回', null, null, '0', '刘丽娟', null);
INSERT INTO `customer` VALUES ('224', '939', 'I am fine', null, '男', '2017-11-23 00:00:00', '100', '0', '0', '张顾凡', '刘聪聪', '正在服务', '人在澳洲，分手一个月，原因是男方吸引力下降，直男思维', '0', '规格二', '2', '完成', '全款', '', '恋爱挽回', null, null, '0', '刘佳', null);
INSERT INTO `customer` VALUES ('225', '957', 'E.E.S.S.', null, '男', '2017-11-27 00:00:00', '100', '0', '0', '张顾凡', '刘聪聪', '正在服务', '女研究生，男大女八岁，男不会微信沟通，表白死，现在沟通状态比较好', '0', '规格二', '2', '未完成', '全款', '', '恋爱狙击', null, null, '0', '刘丽娟', null);
INSERT INTO `customer` VALUES ('226', '938', '潘礼斌', null, '男', '2017-11-23 00:00:00', '150', '0', '0', '宋鑫', '刘聪聪', '正在服务', '对女生动手，女方安全感缺失，相处模式不正确，对女生太好	\n', '0', '高规格一', '937', '完成', '全款', '可升级', '恋爱挽回', null, null, '0', '刘佳', null);
INSERT INTO `customer` VALUES ('227', '958', '明静茹溪', null, '女', '2017-11-27 00:00:00', '135', '0', '0', '董顺奇', '孙莎莎', '停止服务', '5.20从珍爱网相识，两个人都是离异待孩子，目前男对女爱答不理，男和女还准备合作，目前阶段男对于合作的事情一直不怎么回应，听说男还有喜欢的女人', '0', '规格二', '1', '完成', '差2000', '', '恋爱挽回', null, null, '0', '刘丽娟', null);
INSERT INTO `customer` VALUES ('228', '928', '东东', null, '男', '2017-11-22 00:00:00', '100', '0', '0', '邵冉', '王鹏涛', '正在服务', '女方下个月要离婚，经常吵架，男的打王者荣耀，刚卸载，不上进	\n', '0', '高规格二', '2', '完成', '全款', '', '婚姻挽回', null, null, '0', '刘佳', null);
INSERT INTO `customer` VALUES ('229', '959', '艾薇儿', null, '女', '2017-11-27 00:00:00', '100', '0', '0', '邵冉', '王鹏涛', '正在服务', '男是女蓝颜，女是男红颜，红颜给压力，蓝颜要放手', '0', '规格二', '2', '完成', '全款', '', '挽回蓝颜', null, null, '0', '刘丽娟', null);
INSERT INTO `customer` VALUES ('230', '929', '如是', null, '男', '2017-11-22 00:00:00', '150', '0', '0', '周佩佩', '孙莎莎', '正在服务', '\"金融男33岁，。，天津人，女28，南方人，离异，孩子7岁马上小学，孩子再老家，她在天津工作，和男主在一起一年半左右，男主顾工作，对女不上心不在乎，女长的漂亮身材好，他也承认是玩玩的心态，寂寞难耐所致。女真心喜欢，准备带其回家男各种推脱，最终女提出分手，当时男心理还窃喜，真分手之后男发觉自己真心喜欢她想要挽回。\n备注：女孩子马上上小学想把自己和孩子上学的事情安排在天津，当初跟男主说男主无能为力，打听说除非是结婚。分手后，女主遇到一个公安局 官员，说可以帮忙解决她和孩子户口上学的事情，条件就是陪男人一年的时间，女主考虑很久最终答应了，答应的当晚难受喝酒给男主打电话，男主接听发现女喝酒很反感挂断，男主第二天联系时女很生气。目前只有QQ，男警官不让女联系男主，昨天女主动QQ联系男主，男主喝酒情绪激动去找她，女非常反感讨厌他，打他哄他走，不想再联系。听说户口的问题正在办理。\"	\n', '0', '高规格二', '1', '完成', '全款', '可升级', '恋爱挽回', null, null, '0', '刘佳', null);
INSERT INTO `customer` VALUES ('231', '960', '王亮', null, '男', '2017-11-27 00:00:00', '100', '0', '0', '王辉', '张鑫萍', '正在服务', '男在女怀孕期间出轨，女不肯原谅', '0', '规格二', '2', '完成', '全款', '', '婚姻挽回', null, null, '0', '刘丽娟', null);
INSERT INTO `customer` VALUES ('232', '930', '黄礼', null, '男', '2017-11-22 00:00:00', '60', '0', '0', '周佳', '姚嘉', '正在服务', '男，比女大11岁，分手一星期，分手原因：花钱相对小气，小心眼，易怒，易生闷气冷战，行为幼稚，没有气度， 自行挽回遭抵触，女方抵触情绪较轻，态度冷淡。	\n', '0', '规格二', '1', '完成', '全款', '', '恋爱挽回', null, null, '0', '刘佳', null);
INSERT INTO `customer` VALUES ('233', '961', '痞子', null, '男', '2017-11-28 00:00:00', '60', '0', '0', '张顾凡', '张鑫萍', '正在服务', '男生没框架过度宠爱女生 导致女生脾气很坏 分手 还可以联系', '0', '规格一', '2', '完成', '全款', '', '恋爱挽回', null, null, '0', '刘丽娟', null);
INSERT INTO `customer` VALUES ('234', '931', '.', null, '男', '2017-11-22 00:00:00', '90', '0', '0', '李媛媛', '孙莎莎', '正在服务', '\"都是23岁，男没有妈妈，还未毕业，女护士（09年相识同学，14年年底开始交往），这个月3号导致分手，女生觉得男生不懂自己，跟他在一起很累，男生比较的幼稚，没有安全感\n\"	\n', '0', '规格一', '1', '完成', '全款', '', '恋爱挽回', null, null, '0', '刘佳', null);
INSERT INTO `customer` VALUES ('235', '932', '我姓蔡。', null, '男', '2017-11-22 00:00:00', '100', '0', '0', '张顾凡', '宋浩然', '正在服务', '在一起时间很短，感觉被女的玩了，分手之后被删除了，男的情商低	\n', '0', '规格二', '2', '完成', '全款', '', '恋爱挽回', null, null, '0', '刘佳', null);
INSERT INTO `customer` VALUES ('236', '962', '莫无非', null, '男', '2017-11-28 00:00:00', '60', '32', '0', '宋鑫', '李晓庆', '冻结服务', '女有孩子，女方条件不错最初女觉得是冲着钱去的，对男抵触，觉得男不成熟没有能力，不懂赚钱，女一直强调是赚钱，现实要花钱如何找项目一直想办法赚钱，男现在刚创业，异地状态', '0', '规格一', '2', '完成', '全款', '', '恋爱挽回', '2017-12-26 08:00:00', null, '0', '刘丽娟', null);
INSERT INTO `customer` VALUES ('237', '933', 'money柯桥米休纺织', null, '男', '2017-11-22 00:00:00', '150', '0', '0', '李媛媛', '姚嘉', '正在服务', '男，44，女，43，跟女友都是二婚，同居三年，出现竞争对手，女友更喜欢对方，觉得跟他在一起不是爱情，对他不抵触，态度冷淡。（就是成备胎了）	\n', '0', '规格三', '1', '未完成', '全款', '', '恋爱挽回', null, null, '0', '刘佳', null);
INSERT INTO `customer` VALUES ('238', '935', '随缘', null, '男', '2017-11-22 00:00:00', '100', '0', '0', '邵冉', '赵兴宇', '正在服务', '男方不懂怎么经营夫妻关系，总是强迫妻子，想挽回	\n', '0', '规格二', '2', '完成', '全款', '', '婚姻挽回', null, null, '0', '刘佳', null);
INSERT INTO `customer` VALUES ('239', '936', 'you tian', null, '男', '2017-11-22 00:00:00', '100', '0', '0', '邵冉', '张鑫萍', '正在服务', '男思想很古板 结婚后把精力都放在孩子身上 忽略了老婆', '0', '规格二', '2', '完成', '全款', '', '婚姻挽回', null, null, '0', '刘佳', null);
INSERT INTO `customer` VALUES ('240', '963', '乐享无畏', null, '男', '2017-11-28 00:00:00', '150', '0', '0', '周佳', '孙莎莎', '停止服务', '女有孩子，女方条件不错最初女觉得是冲着钱去的，对男抵触，觉得男不成熟没有能力，不懂赚钱，女一直强调是赚钱，现实要花钱如何找项目一直想办法赚钱，男现在刚创业，异地状态', '0', '规格三', '1', '完成', '差3800', '', '恋爱挽回', null, null, '0', '刘丽娟', null);
INSERT INTO `customer` VALUES ('241', '920', '爱笑的菇凉', null, '女', '2017-11-21 00:00:00', '60', '0', '0', '宋鑫', '李晓庆', '正在服务', '没有确定关系，原因是男方不会找异地的女朋友，两个人一直暧昧，女方很主动，太主动，男方跟她在一起很累，这次分手的原因是之前男方约她见面，女方来了，男方反悔说不见面了，女方就开始追问为什么，然后一直要求见面，之前两个人也发生过这种情况', '0', '规格一', '2', '已给', '全款', '', '恋爱狙击', null, null, '0', '刘佳', null);
INSERT INTO `customer` VALUES ('242', '965', '15.cn', null, '男', '2017-11-28 00:00:00', '100', '0', '0', '张顾凡', '王鹏涛', '正在服务', '在一起5年，分手没多久，现在正常联系', '0', '规格二', '2', '未完成', '全款', '', '恋爱挽回', null, null, '0', '刘丽娟', null);
INSERT INTO `customer` VALUES ('243', '921', '许智喜', null, '女', '2017-11-21 00:00:00', '60', '0', '0', '周佩佩', '姚嘉', '正在服务', '女，跟老公婚内分居四个月，离婚三个月，累积半年多异地，上个月老公提出想复合，但和小三没有断干净，学员就比较着急，吵了几次，老公有点抵触了，想学习怎么用正确的方法控制自己和老公的情绪，让这次复婚成功	\n', '0', '规格一', '1', '未完成', '全款', '', '婚姻挽回', null, null, '0', '刘佳', null);
INSERT INTO `customer` VALUES ('244', '964', 'T', null, '男', '2017-11-28 00:00:00', '60', '0', '0', '宋鑫', '张鑫萍', '正在服务', 'it男 不会哄女孩 不会聊天 异地形象差', '0', '规格一', '2', '完成', '全款', '可升级', '恋爱挽回', null, null, '0', '刘丽娟', null);
INSERT INTO `customer` VALUES ('245', '923', '木子', null, '男', '2017-11-21 00:00:00', '60', '0', '0', '董顺奇', '姚嘉', '正在服务', '男，89年，女88年，结婚半年，异地，男在上海学习，女在三亚，男老家徐州买了房，想跟女在上海发展两年回去生活，女想留在三亚，两人意见不合，造成矛盾，现在感情疏远，女态度冷漠，抵触情绪较明显，沟通联系正常  	\n', '0', '规格一', '1', '完成', '全款', '', '婚姻挽回', null, null, '0', '刘佳', null);
INSERT INTO `customer` VALUES ('246', '924', 'zhengjie', null, '男', '2017-11-21 00:00:00', '100', '0', '0', '周佳', '姚嘉', '正在服务', '男，28，女26 ，相处两年，异地，男忙于工作，两人感情淡漠，7月提分手，10月中正式分，自行挽回造成抵触，微信拉黑，电话沟通正常，女抵触情绪明显	\n', '0', '规格二', '1', '完成', '全款', '', '恋爱挽回', null, null, '0', '刘佳', null);
INSERT INTO `customer` VALUES ('247', '966', '陌颜', null, '女', '2017-11-28 00:00:00', '100', '0', '0', '邵冉', '李晓庆', '正在服务', '双方离异重组，男44有抑郁症，现在通过练字克制，之前两段婚姻都是经济和欺骗结束，分手原因，女方43出去爬山，开玩笑的否定，但是男方当真，以为真心欺骗，引发情绪，暴力倾向，现误会解释清楚，但是男方还是怕女方在以后再次欺骗他，他控制不住自己，担心，没有安全感', '0', '规格二', '2', '完成', '全款', '', '恋爱挽回', null, null, '0', '刘丽娟', null);
INSERT INTO `customer` VALUES ('248', '925', '小波', null, '男', '2017-11-21 00:00:00', '100', '0', '0', '张顾凡', '刘聪聪', '正在服务', '男性吸引力缺失导致分手，有情敌出现，联系方式都在	\n', '0', '规格二', '2', '完成', '全款', '', '恋爱挽回', null, null, '0', '刘佳', null);
INSERT INTO `customer` VALUES ('249', '967', '大魔王', null, '男', '2017-11-28 00:00:00', '60', '0', '0', '张顾凡', '宋浩然', '正在服务', '因为小问题分手，女生很倔强，现在有联系但是很浅', '0', '规格一', '2', '完成', '全款', '可升级', '恋爱挽回', null, null, '0', '刘丽娟', null);
INSERT INTO `customer` VALUES ('250', '926', '流年微凉不过少年时光', null, '男', '2017-11-21 00:00:00', '100', '0', '0', '张顾凡', '王鹏涛', '正在服务', '当过兵', '0', '规格二', '2', '完成', '全款', '', '恋爱挽回', null, null, '0', '刘佳', null);
INSERT INTO `customer` VALUES ('251', '927', '丽芳', null, '女', '2017-11-21 00:00:00', '100', '0', '0', '宋鑫', '宋浩然', '正在服务', '生活中矛盾较多，分手后男方跟前女友在一起了，女方家里反对两个人。	\n', '0', '规格二', '2', '完成', '全款', '', '恋爱挽回', null, null, '0', '刘佳', null);
INSERT INTO `customer` VALUES ('252', '968', '高宇涛', null, '男', '2017-11-28 00:00:00', '60', '0', '0', '张顾凡', '张鑫萍', '正在服务', '分手一年 女生对男孩有心里隐隐', '0', '规格一', '2', '未完成', '全款', '', '恋爱挽回', null, null, '0', '刘丽娟', null);
INSERT INTO `customer` VALUES ('253', '914', 'mr young', null, '男', '2017-11-20 00:00:00', '100', '0', '0', '吕昊', '高林霞', '正在服务', '经济案件看守所回来一个多月 离婚 挽回 	\n', '0', '新规格二', '1', '完成', '全款', '', '婚姻挽回', null, null, '0', '刘佳', null);
INSERT INTO `customer` VALUES ('254', '969', '黄', null, '男', '2017-11-29 00:00:00', '60', '0', '0', '宋鑫', '刘聪聪', '正在服务', '相处模式不正确，天天争吵导致分手，男方吸引力缺失', '0', '规格一', '2', '完成', '全款', '', '恋爱挽回', null, null, '0', '刘丽娟', null);
INSERT INTO `customer` VALUES ('255', '915', 'Rain', null, '女', '2017-11-20 00:00:00', '100', '0', '0', '邵冉', '宋浩然', '正在服务', '结婚之前因为矛盾冲突分手，两个热依然有交集，女方做过一些努力。	\n', '0', '规格二', '2', '完成', '全款', '可升级', '恋爱挽回', null, null, '0', '刘佳', null);
INSERT INTO `customer` VALUES ('256', '970', '安妮妈咪', null, '女', '2017-11-29 00:00:00', '100', '0', '0', '王辉', '刘聪聪', '正在服务', '拒绝朋友圈建设，女方吸引力缺失，男现在半年没回家，已经起诉离婚', '0', '规格二', '2', '完成', '全款', '', '婚姻挽回', null, null, '0', '刘丽娟', null);
INSERT INTO `customer` VALUES ('257', '971', 'Y', null, '男', '2017-11-29 00:00:00', '100', '0', '0', '张顾凡', '刘聪聪', '正在服务', '无', '0', '规格二', '2', '完成', '全款', '', '恋爱挽回', null, null, '0', '刘丽娟', null);
INSERT INTO `customer` VALUES ('258', '916', 'Imstronger', null, '男', '2017-11-20 00:00:00', '100', '0', '0', '王辉', '张鑫萍', '正在服务', '小孩脾气，不了解女人，现在分居能联系	\n', '0', '规格二', '2', '完成', '全款', '', '婚姻挽回', null, null, '0', '刘佳', null);
INSERT INTO `customer` VALUES ('259', '917', 'kona', null, '女', '2017-12-20 00:00:00', '60', '0', '0', '宋鑫', '赵兴宇', '正在服务', '无', '0', '规格一', '2', '完成', '全款', '', '恋爱挽回', null, null, '0', '刘佳', null);
INSERT INTO `customer` VALUES ('260', '972', 'Timor', null, '男', '2017-11-29 00:00:00', '60', '0', '0', '宋鑫', '张鑫萍', '正在服务', '无', '0', '规格一', '2', '完成', '全款', '', '恋爱挽回', null, null, '0', '刘丽娟', null);
INSERT INTO `customer` VALUES ('261', '918', '土八路', null, '男', '2017-11-20 00:00:00', '100', '0', '0', '宋鑫', '张鑫萍', '正在服务', '认识一周，介意女生的过去，分开3个月，女生很反感他	\n（打折4200）', '0', '规格二', '2', '完成', '全款', '', '恋爱挽回', null, null, '0', '刘佳', null);
INSERT INTO `customer` VALUES ('262', '973', '受气de苞', null, '男', '2017-11-29 00:00:00', '100', '98', '0', '李媛媛', '曲浩伦', '冻结服务', '离婚一周 结婚七年有一儿子 性生活不和谐 女赌钱欠几万后离婚 ', '0', '规格一', '2', '未完成', '全款', '', '婚姻挽回', '2017-12-01 08:00:00', null, '0', '刘丽娟', null);
INSERT INTO `customer` VALUES ('263', '919', '金赵琦', null, '男25', '2017-11-20 00:00:00', '100', '0', '0', '张顾凡', '王鹏涛', '正在服务', '过去一年很暧昧，跟恋爱差不多。后面女生因为男方给的压力较大变冷淡了	\n', '0', '规格二', '2', '已给', '全款', '', '狙击挽回', null, null, '0', '刘佳', null);
INSERT INTO `customer` VALUES ('264', '974', 'Eric', null, '男', '2017-11-29 00:00:00', '150', '0', '0', '宋鑫', '刘聪聪', '正在服务', '女强人，男方吸引力缺失，现在还属于男女朋友关系，但是冷淡', '0', '高规格二', '2', '完成', '1.30补3800', '', '恋爱挽回', null, null, '0', '刘丽娟', null);
INSERT INTO `customer` VALUES ('265', '975', '张旭', null, '男', '2017-11-30 00:00:00', '100', '0', '0', '董顺奇', '孙莎莎', '正在服务', '出去旅游回来之后闹分手，女方各种嫌弃男方，抠门，情商低，格局小，不会办事等等。不懂恋爱思维单一，第一次谈，想要提升和改变自己', '0', '规格二', '1', '完成', '全款', '', '恋爱挽回', null, null, '0', '刘丽娟', null);
INSERT INTO `customer` VALUES ('266', '906', 'Jacky', null, '男', '2017-11-19 00:00:00', '60', '0', '0', '吕昊', '曲浩伦', '正在服务', '男24女22 分手八天 卑微状态 买了手表准备送 女方喜欢上工作的主管了	\n（没有课程图）', '0', '规格一', '1', '完成', '全款', '', '恋爱挽回', null, null, '0', '刘佳', null);
INSERT INTO `customer` VALUES ('267', '976', '顾城', null, '男', '2017-11-30 00:00:00', '150', '0', '0', '周佩佩', '孙莎莎', '正在服务', '学过PUA,已中毒，情绪化，没安全感，依赖性强，内心很脆弱，异地恋，他们俩很多地方比较像，之前都有过5年的恋爱，目前女前任跟她联系，他们三个人纠缠，男说女目前总是去相亲网站让他感觉崩溃，但是女没有跟男提出分手。', '0', '规格二', '1', '完成', '全款', '', '恋爱挽回', null, null, '0', '刘丽娟', null);
INSERT INTO `customer` VALUES ('268', '907', '小小英子', null, '女', '2017-11-19 00:00:00', '60', '0', '0', '邵冉', '李晓庆', '正在服务', '男98，女32，各离异过，分手两个月，分手原因是女方流产过三次男方还不愿意结婚，女方逼婚的方式很极端，后因为男方不答应，要了赔偿一万五，男方离婚没有离家庭，因为孩子有多动症，现在男方QQ拉黑，微信手机号还有	\n', '0', '规格一', '2', '完成', '全款', '', '恋爱挽回', null, null, '0', '刘佳', null);
INSERT INTO `customer` VALUES ('269', '908', '百灵鸟', null, '女', '2017-11-19 00:00:00', '100', '0', '0', '宋鑫', '宋浩然', '正在服务', '失恋后男方把她拉黑了，需求感非常强，接受不了现状，不太理智	\n', '0', '规格二', '2', '已给', '全款', '', '恋爱挽回', null, null, '0', '刘佳', null);
INSERT INTO `customer` VALUES ('270', '909', '海豚 不在海', null, '男', '2017-11-19 00:00:00', '100', '0', '0', '宋鑫', '李晓庆', '正在服务', '女方是小三，当时男方还没有离婚在一起的，也是在没有离异之前分手的，分手原因是女方看不到未来，在一起很累，喝醉酒之后去找到女方家里，致使女方家长对他有看法，分手之后男方把挽回的一些错误方式全做了，现在男方还在用陌生微信跟女方聊天，现在跟前妻还有点纠缠，现在男方单身，女方跟男方在一起没有安全感	\n', '0', '规格二', '2', '完成', '全款', '', '恋爱挽回', null, null, '0', '刘佳', null);
INSERT INTO `customer` VALUES ('271', '910', 'Qiao', null, '女', '2017-11-19 00:00:00', '60', '0', '0', '宋鑫', '宋浩然', '正在服务', '男方出轨导致阴影，一直走不出来，想避免相似情况，走出阴影，经营婚姻	\n', '0', '规格一', '2', '完成', '全款', '', '婚姻挽回', null, null, '0', '刘佳', null);
INSERT INTO `customer` VALUES ('272', '911', 'sign', null, '女', '2017-11-19 00:00:00', '60', '0', '0', '吕昊', '曲浩伦', '正在服务', '女95年，追一男的，发的课程单图	\n（课程单图）', '0', '规格一', '1', '完成', '全款', '', '恋爱狙击', null, null, '0', '刘佳', null);
INSERT INTO `customer` VALUES ('273', '978', 'YU', null, '女', '2017-11-30 00:00:00', '100', '0', '0', '周佳', '姚嘉', '正在服务', '女，25   男 29   分开两个月  两个人经常吵架天天吵，女方性格太过于急躁，易怒，对男方各种看不惯，俩人联系正常，女方在国外，过段时间回台湾，男抵触情绪较轻，都想和好，但又不敢和好。', '0', '规格二', '1', '已给', '全款', '', '恋爱挽回', null, null, '0', '刘丽娟', null);
INSERT INTO `customer` VALUES ('274', '912', 'May all your wish come', null, '男30', '2017-11-19 00:00:00', '60', '0', '0', '周佳', '曲浩伦', '正在服务', '老婆玩社交软件 吵架了，女失望	\n', '0', '规格一', '1', '完成', '全款', '', '婚姻维护', null, null, '0', '刘佳', null);
INSERT INTO `customer` VALUES ('275', '979', '张倩倩', null, '女', '2017-11-30 00:00:00', '60', '0', '0', '邵冉', '张鑫萍', '正在服务', '女出轨 男的因为孩子继续婚姻 男有心结 现在想离婚', '0', '规格一', '2', '完成', '全款', '', '婚姻挽回', null, null, '0', '刘丽娟', null);
INSERT INTO `customer` VALUES ('276', '900', '藤上水晶', null, '女', '2017-11-18 00:00:00', '60', '0', '0', '董顺奇', '姚嘉', '停止服务', '老公闹离婚，一年前房产纠纷，常年分居，平时感情不深对对方关心不够。	\n', '0', '规格一', '1', '完成', '全款', '', '婚姻挽回', null, null, '0', '刘佳', '周佩佩');
INSERT INTO `customer` VALUES ('277', '980', '壹方珠宝', null, '女', '2017-11-30 00:00:00', '100', '0', '0', '邵冉', '李晓庆', '正在服务', '结婚七年，之前一直异地，现在男同意回到家庭，但是不知道如何相处，之前的相处状态比较理性，没有任何情感掺杂。女方认为两个人没有什么感情了。担心男方回来之后不知道怎么跟对方交流相处', '0', '高规格一', '2', '完成', '全款', '', '婚姻维护', null, null, '0', '刘丽娟', null);
INSERT INTO `customer` VALUES ('278', '901', 'Sim、Ba', null, '男', '2017-11-18 00:00:00', '60', '0', '0', '张顾凡', '张鑫萍', '正在服务', '刚结束一段7年的恋爱，无法从过去的阴影中走出了	\n', '0', '规格一', '2', '完成', '全款', '', '恋爱狙击', null, null, '0', '刘佳', null);
INSERT INTO `customer` VALUES ('279', '981', '温志强', null, '男', '2017-11-30 00:00:00', '100', '0', '0', '宋鑫', '姚嘉', '正在服务', '男，与妻子结婚20余年，早年对妻子好感不深，生活中冷言冷语，妻子近年来事业成功，应酬较多，对男心灰意冷，男48女43， 闹离婚2个月，仍同住，联系正常，女态度冷淡，筹备离婚事宜，男自行挽回无效。', '0', '高规格一', '1', '完成', '差2000', '', '婚姻挽回', null, null, '0', '刘丽娟', null);
INSERT INTO `customer` VALUES ('280', '903', '陈先生', null, '男', '2017-11-18 00:00:00', '100', '0', '0', '张顾凡', '张鑫萍', '正在服务', '欠款70万，没告诉女生，欺骗行为导致女孩无法原谅	\n', '0', '规格二', '2', '完成', '全款', '', '恋爱挽回', null, null, '0', '刘佳', null);
INSERT INTO `customer` VALUES ('281', '904', '莉', null, '女', '2017-11-18 00:00:00', '100', '0', '0', '周佳', '孙莎莎', '正在服务', '结婚15年，女16岁跟着男方，现在女32.男41，三个孩子，出轨一年，对方离异带孩子，抽烟喝酒，据说没有女主好看，但是很会说，女主找小三深入沟通了，小三情商高不哭不闹语气平缓，男主现在要求女主接受小三一起过，要么离婚，男主长期喝酒有乙肝	\n', '0', '规格二', '1', '完成', '全款', '', '婚姻挽回', null, null, '0', '刘佳', null);
INSERT INTO `customer` VALUES ('282', '905', '落叶知秋', null, '男', '2017-11-18 00:00:00', '60', '0', '0', '李媛媛', '高林霞', '正在服务', '直男，三个月给女朋友花了20多万。女生做主播，媒人介绍的，他26女方24，	\n', '0', '高规格一', '1', '完成', '全款', '', '恋爱挽回', null, null, '0', '刘佳', null);
INSERT INTO `customer` VALUES ('283', '984', 'Kelvin L.', null, '男', '2017-12-01 00:00:00', '60', '0', '0', '宋鑫', '张鑫萍', '正在服务', '性格不合', '0', '高规格一', '2', '完成', '全款', '', '恋爱挽回', null, null, '0', '刘丽娟', null);
INSERT INTO `customer` VALUES ('284', '985', '张译心', null, '女', '2017-12-01 00:00:00', '100', '0', '0', '宋鑫', '宋浩然', '正在服务', '年龄差距很大，老是吵架造成分手。男性控制欲太强', '0', '规格二', '2', '完成', '全款', '', '恋爱挽回', null, null, '0', '刘丽娟', null);
INSERT INTO `customer` VALUES ('285', '986', '宋悦悦', null, '女', '2017-12-01 00:00:00', '150', '0', '0', '邵冉', '宋浩然', '正在服务', '男朋友的前女友怀了他的孩子，所以造成了他俩分手', '0', '规格三', '2', '完成', '12.31前补款3000', '', '恋爱挽回', null, null, '0', '刘丽娟', null);
INSERT INTO `customer` VALUES ('286', '987', '小样', null, '男', '2017-12-01 00:00:00', '100', '0', '0', '王辉', '张鑫萍', '正在服务', '因为妻子欠钱结婚 后一直忙着还钱忽略了感情', '0', '低规格二', '2', '完成', '12.21补款2000', '', '婚姻挽回', null, null, '0', '刘丽娟', null);
INSERT INTO `customer` VALUES ('287', '988', '妞妞', null, '女', '2017-12-01 00:00:00', '100', '0', '0', '李媛媛', '高玲', '正在服务', '女，47岁，跟老公之间没有信任感，女二婚，男三婚，结婚9年，男的常撒谎，交际多，目的是保持婚姻稳定，感情和好', '0', '高规格一', '1', '未完成', '全款', '', '婚姻挽回', null, null, '0', '刘丽娟', null);
INSERT INTO `customer` VALUES ('288', '990', '远方', null, '男', '2017-12-01 00:00:00', '60', '55', '0', '吕昊', '曲浩伦', '冻结服务', '看好已婚哥们的小三，发生过关系，女认为思想不同分开后经常和富二代一起玩，男因住一个小区经常跟踪引起女方案，想不失去朋友也和女结婚', '0', '规格一', '1', '完成', '全款', '', '恋爱挽回', '2017-12-06 08:00:00', null, '0', '刘丽娟', null);
INSERT INTO `customer` VALUES ('289', '991', '吴刘银', null, '男', '2017-12-01 00:00:00', '60', '0', '0', '张月亭', '刘聪聪', '正在服务', '无', '0', '规格一', '2', '已给', '全款', '', '', null, null, '0', '刘丽娟', null);
INSERT INTO `customer` VALUES ('290', '992', '琼楼玉宇', null, '女', '2017-12-02 00:00:00', '100', '0', '0', '董顺奇', '高林霞', '正在服务', '有小三 老公对她很冷淡 女的形象差 情商低 负面情绪严重', '0', '新规格二', '1', '完成', '全款', '', '婚姻挽回', null, null, '0', '刘丽娟', null);
INSERT INTO `customer` VALUES ('291', '993', 'Allen', null, '男', '2017-12-02 00:00:00', '150', '147', '0', '周佳', '姚嘉', '冻结服务', '男，34，女25 相处半年，10月中旬分手，自行挽回无效，女方态度冷漠，抵触较轻，联系方式正常，疑似有新男友。 相处过程中，男觉得跟女生活追求不同，男自认事业型男人，女偏好安稳，遂故意刺激女，女提出分手。', '0', '高规格二', '1', '已给', '差3800', '', '恋爱挽回', '2017-12-05 08:00:00', null, '0', '刘丽娟', null);
INSERT INTO `customer` VALUES ('292', '994', '来来', null, '女', '2017-12-02 00:00:00', '60', '0', '0', '吕慧', '曲浩伦', '正在服务', '女离异，目标是同事，认识四年对方已婚，出轨交往她两个月后怀孕，上周打胎，想上位', '0', '规格一', '1', '完成', '全款', '可升级', '小三上位', null, null, '0', '刘丽娟', null);
INSERT INTO `customer` VALUES ('293', '995', '烦烦烦', null, '男', '2017-12-02 00:00:00', '100', '80', '0', '吕昊', '高林霞', '冻结服务', '低姿态 沟通能力差 不会沟通 ', '0', '新规格二', '1', '完成', '全款', '', '恋爱挽回', '2017-12-22 08:00:00', null, '0', '刘丽娟', null);
INSERT INTO `customer` VALUES ('294', '996', '流年碎落', null, '男', '2017-12-02 00:00:00', '60', '0', '0', '吕昊', '曲浩伦', '正在服务', '结婚四年，男安于现状女追求上进，女挣得比男多觉得男没出息，想离婚', '0', '规格一', '1', '完成', '全款', '', '婚姻挽回', null, null, '0', '刘丽娟', null);
INSERT INTO `customer` VALUES ('295', '997', 'fezzik', null, '男', '2017-12-02 00:00:00', '150', '0', '0', '李媛媛', '高林霞', '正在服务', '男27   女方结过婚 不理解对方 ', '0', '新规格三', '1', '完成', '全款', '可升级', '恋爱挽回', null, null, '0', '刘丽娟', null);
INSERT INTO `customer` VALUES ('296', '998', '闲云潭影', null, '男', '2017-12-02 00:00:00', '100', '0', '0', '周佳', '曲浩伦', '正在服务', '男挽女，网上聊得不错，见面确定关系，男太卑微女不在乎，暂时没分手，想挽回', '0', '规格二', '1', '已给', '全款', '可升级', '恋爱挽回', null, null, '0', '刘丽娟', null);
INSERT INTO `customer` VALUES ('297', '999', '勇敢者', null, '男', '2017-12-03 00:00:00', '150', '0', '0', '李媛媛', '孙莎莎', '正在服务', '结婚15年，女儿16岁，儿子13岁，学习成绩都很好，男动手打过女两三次，给女造成非常大的心理阴影，以及平时很少关心照顾女方的心理，经常跟女方站在了对立面，男现在在郑州报名了心理学（非挽回机构），学的也只是一些大道理，经常因为工作没办法去上心理课，现在已经清楚自身的问题，今年为其老婆买了奔驰和房子，想要挽回感情，老婆起诉离婚，法庭调解未果，女坚持离婚，这期间男让家人亲戚朋友孩子帮忙劝说，效果适得其反。', '0', '高规格三', '1', '完成', '全款', '', '婚姻挽回', null, null, '0', '刘丽娟', null);
INSERT INTO `customer` VALUES ('298', '1328', 'Melody', null, '男', '2018-01-19 00:00:00', '100', '89', '0', '邱新科', '张鑫萍', '正在服务', '无', '2', '规格二', '2', '未完成', '下月月底补款', '专项', '恋爱挽回', '2018-01-30 09:10:43', '2018-01-31 09:11:13', '0', '邱新科', '超级管理员');
INSERT INTO `customer` VALUES ('299', '252', '呆呆', null, '女', '2017-12-20 00:00:00', '100', '0', '0', '李媛媛', '刘裕', '正在服务', '过分依赖。男吧女当备胎', '0', '规格一', '1', '完成', '全款', '可升级', '恋爱挽回', null, null, '0', '李媛媛', '李媛媛');
INSERT INTO `customer` VALUES ('300', '720', '傲白', null, '男', '2017-10-20 00:00:00', '60', '-29', '0', '吕昊', '高玲', '冻结服务', '2018年1月1日续费规格一课程，一月17日暂时冻结。', '0', '规格一', '1', '方案已给', '', '', '恋爱挽回', '2018-01-17 08:00:00', null, '0', '吕昊', null);
INSERT INTO `customer` VALUES ('301', '734', '波仔', null, '男', '2017-10-22 00:00:00', '60', '0', '0', '董顺奇', '张鑫萍', '正在服务', '无', '0', '1', '1', '已给', '全款', '', '恋爱挽回', null, null, '0', '董顺奇', '周佩佩');
INSERT INTO `customer` VALUES ('302', '421', '杨程智', null, '男', '2017-12-26 00:00:00', '100', '0', '0', '孙康', '刘裕', '正在服务', '恋爱三四年一直都好，男突然要寻找自由分手后悔', '0', '规格二', '1', '完成已给', '1月底前补齐2000', '', '恋爱挽回', null, null, '0', '孙康', null);
INSERT INTO `customer` VALUES ('303', '1093', '叶昊', null, '男', '2017-12-16 00:00:00', '100', '0', '0', '吕昊', '姚嘉', '正在服务', '男挽女，女已经有男友。', '0', '规格二', '1', '方案已给', '', '已升级', '恋爱挽回', null, null, '0', '吕昊', null);
INSERT INTO `customer` VALUES ('304', '1019', '小徐同学', null, '男', '2017-12-05 00:00:00', '60', '0', '0', '吕慧', '姚嘉', '正在服务', '无', '0', '规格一', '1', '已给', '全款', '', '挽回婚姻', null, null, '0', '吕慧', null);
INSERT INTO `customer` VALUES ('305', '1054', '枫叶', null, '男', '2017-12-11 00:00:00', '60', '0', '0', '王辉', '王鹏涛', '正在服务', '女人要离婚', '0', '规格1', '2', '已给', '全款', '', '婚姻挽回', null, null, '0', '王辉', '王辉');
INSERT INTO `customer` VALUES ('306', '1237', '空中玉蝴蝶', null, '男', '2018-01-04 00:00:00', '60', '0', '0', '孙康', '姚嘉', '正在服务', '男，八月闹离婚，妻子曾起诉离婚，结婚八年，因女方于男性朋友出去玩等类似事件吵架。男爱乱花钱，之前因孩子确诊“孤独症”而两人感情不和，男自行挽回无效，现妻子抵触情绪明显，联系方式基本无效。', '0', '规格一', '1', '完成已给', '全款', '', '婚姻挽回', null, null, '0', '孙康', '孙康');
INSERT INTO `customer` VALUES ('307', '2001', '蜡笔小新', null, '女', '2018-01-01 00:00:00', '100', '98', '0', '胡长青', '王鹏涛', '冻结服务', '女挽男，男把女当备胎，没有正面回应，见面一直以发生关系为主', '0', '新规格一', '0', '未完成', '二月补2000', '无', '恋爱挽回', '2018-01-31 09:27:33', null, '0', '超级管理员', '超级管理员');
INSERT INTO `customer` VALUES ('308', '2002', '独孤小艺', null, '女同', '2018-01-02 00:00:00', '100', '71', '0', '胡长青', '张新平', '冻结服务', 'test', '0', '规格三', '0', '完成未给', '全款', '可以', '婚姻挽回', '2018-01-31 09:29:53', null, '0', '超级管理员', '超级管理员');

-- ----------------------------
-- Table structure for department
-- ----------------------------
DROP TABLE IF EXISTS `department`;
CREATE TABLE `department` (
  `did` int(11) NOT NULL AUTO_INCREMENT,
  `dname` varchar(255) DEFAULT NULL,
  `dplan` double(11,0) DEFAULT '0',
  `dreality` double(11,0) DEFAULT '0',
  `dupdatecusts` int(11) DEFAULT '0',
  PRIMARY KEY (`did`)
) ENGINE=InnoDB AUTO_INCREMENT=3 DEFAULT CHARSET=utf8;

-- ----------------------------
-- Records of department
-- ----------------------------
INSERT INTO `department` VALUES ('1', '导师一部', '0', '0', '0');
INSERT INTO `department` VALUES ('2', '导师二部', '0', '0', '0');

-- ----------------------------
-- Table structure for file
-- ----------------------------
DROP TABLE IF EXISTS `file`;
CREATE TABLE `file` (
  `fid` int(11) NOT NULL AUTO_INCREMENT,
  `fname` varchar(255) NOT NULL,
  `uname` varchar(255) NOT NULL,
  `cust_cnumber` varchar(50) NOT NULL,
  `update_time` datetime NOT NULL DEFAULT CURRENT_TIMESTAMP ON UPDATE CURRENT_TIMESTAMP,
  `downNum` int(10) NOT NULL DEFAULT '0',
  PRIMARY KEY (`fid`)
) ENGINE=InnoDB AUTO_INCREMENT=3 DEFAULT CHARSET=utf8;

-- ----------------------------
-- Records of file
-- ----------------------------
INSERT INTO `file` VALUES ('1', '技术部姜朝文工作计划表(1）.xlsx', '超级管理员', '1328', '2018-01-29 13:51:14', '2');
INSERT INTO `file` VALUES ('2', '技术部姜朝文工作计划表(2）.xlsx', '超级管理员', '1328', '2018-01-29 13:51:14', '0');

-- ----------------------------
-- Table structure for history
-- ----------------------------
DROP TABLE IF EXISTS `history`;
CREATE TABLE `history` (
  `hid` int(11) NOT NULL AUTO_INCREMENT,
  `uid` int(11) NOT NULL DEFAULT '0',
  `uname` varchar(255) NOT NULL,
  `uposition` int(1) NOT NULL DEFAULT '0',
  `udepartment` int(10) NOT NULL,
  `uplan` double(10,0) DEFAULT '0',
  `ureality` double(10,0) DEFAULT '0',
  `urate` double(10,0) DEFAULT NULL,
  `updatecusts` int(10) DEFAULT NULL,
  `hdate` varchar(255) DEFAULT NULL,
  PRIMARY KEY (`hid`)
) ENGINE=InnoDB AUTO_INCREMENT=353 DEFAULT CHARSET=utf8;

-- ----------------------------
-- Records of history
-- ----------------------------
INSERT INTO `history` VALUES ('1', '1', '超级管理员', '4', '0', '0', '0', '0', '0', '2018-01');
INSERT INTO `history` VALUES ('2', '2', '胡长青', '3', '0', '0', '0', '0', '0', '2018-01');
INSERT INTO `history` VALUES ('3', '5', '周佩佩', '2', '1', '0', '0', '0', '0', '2018-01');
INSERT INTO `history` VALUES ('4', '3', '宋鑫', '2', '2', '0', '0', '0', '0', '2018-01');
INSERT INTO `history` VALUES ('5', '4', '李媛媛', '1', '1', '13000', '7400', '57', '2', '2018-01');
INSERT INTO `history` VALUES ('6', '7', '张顾凡', '1', '2', '13000', '24600', '189', '3', '2018-01');
INSERT INTO `history` VALUES ('7', '19', '吕昊', '1', '1', '13000', '12700', '98', '4', '2018-01');
INSERT INTO `history` VALUES ('8', '17', '王辉', '1', '2', '13000', '5000', '38', '1', '2018-01');
INSERT INTO `history` VALUES ('9', '12', '周佳', '0', '1', '13000', '3000', '23', '1', '2018-01');
INSERT INTO `history` VALUES ('10', '16', '董顺奇', '0', '1', '13000', '3000', '23', '1', '2018-01');
INSERT INTO `history` VALUES ('11', '8', '邵冉', '0', '2', '13000', '0', '0', '0', '2018-01');
INSERT INTO `history` VALUES ('12', '13', '张月亭', '0', '2', '13000', '0', '0', '0', '2018-01');
INSERT INTO `history` VALUES ('13', '14', '吕慧', '0', '1', '13000', '4900', '38', '1', '2018-01');
INSERT INTO `history` VALUES ('14', '15', '郭会芹', '0', '2', '13000', '0', '0', '0', '2018-01');
INSERT INTO `history` VALUES ('15', '6', '唐齐', '0', '1', '13000', '6000', '46', '2', '2018-01');
INSERT INTO `history` VALUES ('16', '9', '孙康', '0', '1', '13000', '24400', '188', '4', '2018-01');
INSERT INTO `history` VALUES ('17', '10', '徐洋', '0', '2', '13000', '0', '0', '0', '2018-01');
INSERT INTO `history` VALUES ('18', '11', '辛春来', '0', '2', '13000', '11800', '91', '2', '2018-01');
INSERT INTO `history` VALUES ('19', '22', '刘丽娟', '0', '1', '0', '0', '0', '0', '2018-01');
INSERT INTO `history` VALUES ('20', '21', '邱新科', '0', '2', '0', '6000', '0', '2', '2018-01');
INSERT INTO `history` VALUES ('21', '20', '刘佳', '0', '1', '0', '0', '0', '0', '2018-01');
INSERT INTO `history` VALUES ('22', '18', '客服', '5', '0', '0', '0', '0', '0', '2018-01');
INSERT INTO `history` VALUES ('23', '1', '超级管理员', '4', '0', '0', '0', '0', '0', '2018-02');
INSERT INTO `history` VALUES ('24', '2', '胡长青', '3', '0', '0', '0', '0', '0', '2018-02');
INSERT INTO `history` VALUES ('25', '5', '周佩佩', '2', '1', '0', '0', '0', '0', '2018-02');
INSERT INTO `history` VALUES ('26', '3', '宋鑫', '2', '2', '0', '0', '0', '0', '2018-02');
INSERT INTO `history` VALUES ('27', '4', '李媛媛', '1', '1', '13000', '7400', '57', '2', '2018-02');
INSERT INTO `history` VALUES ('28', '7', '张顾凡', '1', '2', '13000', '24600', '189', '3', '2018-02');
INSERT INTO `history` VALUES ('29', '19', '吕昊', '1', '1', '13000', '12700', '98', '4', '2018-02');
INSERT INTO `history` VALUES ('30', '17', '王辉', '1', '2', '13000', '5000', '38', '1', '2018-02');
INSERT INTO `history` VALUES ('31', '12', '周佳', '0', '1', '13000', '3000', '23', '1', '2018-02');
INSERT INTO `history` VALUES ('32', '16', '董顺奇', '0', '1', '13000', '3000', '23', '1', '2018-02');
INSERT INTO `history` VALUES ('33', '8', '邵冉', '0', '2', '13000', '0', '0', '0', '2018-02');
INSERT INTO `history` VALUES ('34', '13', '张月亭', '0', '2', '13000', '0', '0', '0', '2018-02');
INSERT INTO `history` VALUES ('35', '14', '吕慧', '0', '1', '13000', '4900', '38', '1', '2018-02');
INSERT INTO `history` VALUES ('36', '15', '郭会芹', '0', '2', '13000', '0', '0', '0', '2018-02');
INSERT INTO `history` VALUES ('37', '6', '唐齐', '0', '1', '13000', '6000', '46', '2', '2018-02');
INSERT INTO `history` VALUES ('38', '9', '孙康', '0', '1', '13000', '24400', '188', '4', '2018-02');
INSERT INTO `history` VALUES ('39', '10', '徐洋', '0', '2', '13000', '0', '0', '0', '2018-02');
INSERT INTO `history` VALUES ('40', '11', '辛春来', '0', '2', '13000', '11800', '91', '2', '2018-02');
INSERT INTO `history` VALUES ('41', '22', '刘丽娟', '0', '1', '0', '0', '0', '0', '2018-02');
INSERT INTO `history` VALUES ('42', '21', '邱新科', '0', '2', '0', '6000', '0', '2', '2018-02');
INSERT INTO `history` VALUES ('43', '20', '刘佳', '0', '1', '0', '0', '0', '0', '2018-02');
INSERT INTO `history` VALUES ('44', '18', '客服', '5', '0', '0', '0', '0', '0', '2018-02');
INSERT INTO `history` VALUES ('45', '1', '超级管理员', '4', '0', '0', '0', '0', '0', '2018-03');
INSERT INTO `history` VALUES ('46', '2', '胡长青', '3', '0', '0', '0', '0', '0', '2018-03');
INSERT INTO `history` VALUES ('47', '5', '周佩佩', '2', '1', '0', '0', '0', '0', '2018-03');
INSERT INTO `history` VALUES ('48', '3', '宋鑫', '2', '2', '0', '0', '0', '0', '2018-03');
INSERT INTO `history` VALUES ('49', '4', '李媛媛', '1', '1', '13000', '7400', '57', '2', '2018-03');
INSERT INTO `history` VALUES ('50', '7', '张顾凡', '1', '2', '13000', '24600', '189', '3', '2018-03');
INSERT INTO `history` VALUES ('51', '19', '吕昊', '1', '1', '13000', '12700', '98', '4', '2018-03');
INSERT INTO `history` VALUES ('52', '17', '王辉', '1', '2', '13000', '5000', '38', '1', '2018-03');
INSERT INTO `history` VALUES ('53', '12', '周佳', '0', '1', '13000', '3000', '23', '1', '2018-03');
INSERT INTO `history` VALUES ('54', '16', '董顺奇', '0', '1', '13000', '3000', '23', '1', '2018-03');
INSERT INTO `history` VALUES ('55', '8', '邵冉', '0', '2', '13000', '0', '0', '0', '2018-03');
INSERT INTO `history` VALUES ('56', '13', '张月亭', '0', '2', '13000', '0', '0', '0', '2018-03');
INSERT INTO `history` VALUES ('57', '14', '吕慧', '0', '1', '13000', '4900', '38', '1', '2018-03');
INSERT INTO `history` VALUES ('58', '15', '郭会芹', '0', '2', '13000', '0', '0', '0', '2018-03');
INSERT INTO `history` VALUES ('59', '6', '唐齐', '0', '1', '13000', '6000', '46', '2', '2018-03');
INSERT INTO `history` VALUES ('60', '9', '孙康', '0', '1', '13000', '24400', '188', '4', '2018-03');
INSERT INTO `history` VALUES ('61', '10', '徐洋', '0', '2', '13000', '0', '0', '0', '2018-03');
INSERT INTO `history` VALUES ('62', '11', '辛春来', '0', '2', '13000', '11800', '91', '2', '2018-03');
INSERT INTO `history` VALUES ('63', '22', '刘丽娟', '0', '1', '0', '0', '0', '0', '2018-03');
INSERT INTO `history` VALUES ('64', '21', '邱新科', '0', '2', '0', '6000', '0', '2', '2018-03');
INSERT INTO `history` VALUES ('65', '20', '刘佳', '0', '1', '0', '0', '0', '0', '2018-03');
INSERT INTO `history` VALUES ('66', '18', '客服', '5', '0', '0', '0', '0', '0', '2018-03');
INSERT INTO `history` VALUES ('67', '1', '超级管理员', '4', '0', '0', '0', '0', '0', '2018-03');
INSERT INTO `history` VALUES ('68', '2', '胡长青', '3', '0', '0', '0', '0', '0', '2018-03');
INSERT INTO `history` VALUES ('69', '5', '周佩佩', '2', '1', '0', '0', '0', '0', '2018-03');
INSERT INTO `history` VALUES ('70', '3', '宋鑫', '2', '2', '0', '0', '0', '0', '2018-03');
INSERT INTO `history` VALUES ('71', '4', '李媛媛', '1', '1', '13000', '7400', '57', '2', '2018-03');
INSERT INTO `history` VALUES ('72', '7', '张顾凡', '1', '2', '13000', '24600', '189', '3', '2018-03');
INSERT INTO `history` VALUES ('73', '19', '吕昊', '1', '1', '13000', '12700', '98', '4', '2018-03');
INSERT INTO `history` VALUES ('74', '17', '王辉', '1', '2', '13000', '5000', '38', '1', '2018-03');
INSERT INTO `history` VALUES ('75', '12', '周佳', '0', '1', '13000', '3000', '23', '1', '2018-03');
INSERT INTO `history` VALUES ('76', '16', '董顺奇', '0', '1', '13000', '3000', '23', '1', '2018-03');
INSERT INTO `history` VALUES ('77', '8', '邵冉', '0', '2', '13000', '0', '0', '0', '2018-03');
INSERT INTO `history` VALUES ('78', '13', '张月亭', '0', '2', '13000', '0', '0', '0', '2018-03');
INSERT INTO `history` VALUES ('79', '14', '吕慧', '0', '1', '13000', '4900', '38', '1', '2018-03');
INSERT INTO `history` VALUES ('80', '15', '郭会芹', '0', '2', '13000', '0', '0', '0', '2018-03');
INSERT INTO `history` VALUES ('81', '6', '唐齐', '0', '1', '13000', '6000', '46', '2', '2018-03');
INSERT INTO `history` VALUES ('82', '9', '孙康', '0', '1', '13000', '24400', '188', '4', '2018-03');
INSERT INTO `history` VALUES ('83', '10', '徐洋', '0', '2', '13000', '0', '0', '0', '2018-03');
INSERT INTO `history` VALUES ('84', '11', '辛春来', '0', '2', '13000', '11800', '91', '2', '2018-03');
INSERT INTO `history` VALUES ('85', '22', '刘丽娟', '0', '1', '0', '0', '0', '0', '2018-03');
INSERT INTO `history` VALUES ('86', '21', '邱新科', '0', '2', '0', '6000', '0', '2', '2018-03');
INSERT INTO `history` VALUES ('87', '20', '刘佳', '0', '1', '0', '0', '0', '0', '2018-03');
INSERT INTO `history` VALUES ('88', '18', '客服', '5', '0', '0', '0', '0', '0', '2018-03');
INSERT INTO `history` VALUES ('243', '1', '超级管理员', '4', '0', '0', '0', '0', '0', '2018-03');
INSERT INTO `history` VALUES ('244', '2', '胡长青', '3', '0', '0', '0', '0', '0', '2018-03');
INSERT INTO `history` VALUES ('245', '5', '周佩佩', '2', '1', '0', '0', '0', '0', '2018-03');
INSERT INTO `history` VALUES ('246', '3', '宋鑫', '2', '2', '0', '0', '0', '0', '2018-03');
INSERT INTO `history` VALUES ('247', '4', '李媛媛', '1', '1', '0', '0', '0', '0', '2018-03');
INSERT INTO `history` VALUES ('248', '7', '张顾凡', '1', '2', '0', '0', '0', '0', '2018-03');
INSERT INTO `history` VALUES ('249', '19', '吕昊', '1', '1', '0', '0', '0', '0', '2018-03');
INSERT INTO `history` VALUES ('250', '17', '王辉', '1', '2', '0', '0', '0', '0', '2018-03');
INSERT INTO `history` VALUES ('251', '12', '周佳', '0', '1', '0', '0', '0', '0', '2018-03');
INSERT INTO `history` VALUES ('252', '16', '董顺奇', '0', '1', '0', '0', '0', '0', '2018-03');
INSERT INTO `history` VALUES ('253', '8', '邵冉', '0', '2', '0', '0', '0', '0', '2018-03');
INSERT INTO `history` VALUES ('254', '13', '张月亭', '0', '2', '0', '0', '0', '0', '2018-03');
INSERT INTO `history` VALUES ('255', '14', '吕慧', '0', '1', '0', '0', '0', '0', '2018-03');
INSERT INTO `history` VALUES ('256', '15', '郭会芹', '0', '2', '0', '0', '0', '0', '2018-03');
INSERT INTO `history` VALUES ('257', '6', '唐齐', '0', '1', '0', '0', '0', '0', '2018-03');
INSERT INTO `history` VALUES ('258', '9', '孙康', '0', '1', '0', '0', '0', '0', '2018-03');
INSERT INTO `history` VALUES ('259', '10', '徐洋', '0', '2', '0', '0', '0', '0', '2018-03');
INSERT INTO `history` VALUES ('260', '11', '辛春来', '0', '2', '0', '0', '0', '0', '2018-03');
INSERT INTO `history` VALUES ('261', '22', '刘丽娟', '0', '1', '0', '0', '0', '0', '2018-03');
INSERT INTO `history` VALUES ('262', '21', '邱新科', '0', '2', '0', '0', '0', '0', '2018-03');
INSERT INTO `history` VALUES ('263', '20', '刘佳', '0', '1', '0', '0', '0', '0', '2018-03');
INSERT INTO `history` VALUES ('264', '18', '客服', '5', '0', '0', '0', '0', '0', '2018-03');
INSERT INTO `history` VALUES ('265', '1', '超级管理员', '4', '0', '0', '0', '0', '0', '2018-03');
INSERT INTO `history` VALUES ('266', '2', '胡长青', '3', '0', '0', '0', '0', '0', '2018-03');
INSERT INTO `history` VALUES ('267', '5', '周佩佩', '2', '1', '0', '0', '0', '0', '2018-03');
INSERT INTO `history` VALUES ('268', '3', '宋鑫', '2', '2', '0', '0', '0', '0', '2018-03');
INSERT INTO `history` VALUES ('269', '4', '李媛媛', '1', '1', '0', '0', '0', '0', '2018-03');
INSERT INTO `history` VALUES ('270', '7', '张顾凡', '1', '2', '0', '0', '0', '0', '2018-03');
INSERT INTO `history` VALUES ('271', '19', '吕昊', '1', '1', '0', '0', '0', '0', '2018-03');
INSERT INTO `history` VALUES ('272', '17', '王辉', '1', '2', '0', '0', '0', '0', '2018-03');
INSERT INTO `history` VALUES ('273', '12', '周佳', '0', '1', '0', '0', '0', '0', '2018-03');
INSERT INTO `history` VALUES ('274', '16', '董顺奇', '0', '1', '0', '0', '0', '0', '2018-03');
INSERT INTO `history` VALUES ('275', '8', '邵冉', '0', '2', '0', '0', '0', '0', '2018-03');
INSERT INTO `history` VALUES ('276', '13', '张月亭', '0', '2', '0', '0', '0', '0', '2018-03');
INSERT INTO `history` VALUES ('277', '14', '吕慧', '0', '1', '0', '0', '0', '0', '2018-03');
INSERT INTO `history` VALUES ('278', '15', '郭会芹', '0', '2', '0', '0', '0', '0', '2018-03');
INSERT INTO `history` VALUES ('279', '6', '唐齐', '0', '1', '0', '0', '0', '0', '2018-03');
INSERT INTO `history` VALUES ('280', '9', '孙康', '0', '1', '0', '0', '0', '0', '2018-03');
INSERT INTO `history` VALUES ('281', '10', '徐洋', '0', '2', '0', '0', '0', '0', '2018-03');
INSERT INTO `history` VALUES ('282', '11', '辛春来', '0', '2', '0', '0', '0', '0', '2018-03');
INSERT INTO `history` VALUES ('283', '22', '刘丽娟', '0', '1', '0', '0', '0', '0', '2018-03');
INSERT INTO `history` VALUES ('284', '21', '邱新科', '0', '2', '0', '0', '0', '0', '2018-03');
INSERT INTO `history` VALUES ('285', '20', '刘佳', '0', '1', '0', '0', '0', '0', '2018-03');
INSERT INTO `history` VALUES ('286', '18', '客服', '5', '0', '0', '0', '0', '0', '2018-03');
INSERT INTO `history` VALUES ('287', '1', '超级管理员', '4', '0', '0', '0', '0', '0', '2018-02');
INSERT INTO `history` VALUES ('288', '2', '胡长青', '3', '0', '0', '0', '0', '0', '2018-02');
INSERT INTO `history` VALUES ('289', '5', '周佩佩', '2', '1', '0', '0', '0', '0', '2018-02');
INSERT INTO `history` VALUES ('290', '3', '宋鑫', '2', '2', '0', '0', '0', '0', '2018-02');
INSERT INTO `history` VALUES ('291', '4', '李媛媛', '1', '1', '0', '0', '0', '0', '2018-02');
INSERT INTO `history` VALUES ('292', '7', '张顾凡', '1', '2', '0', '0', '0', '0', '2018-02');
INSERT INTO `history` VALUES ('293', '19', '吕昊', '1', '1', '0', '0', '0', '0', '2018-02');
INSERT INTO `history` VALUES ('294', '17', '王辉', '1', '2', '0', '0', '0', '0', '2018-02');
INSERT INTO `history` VALUES ('295', '12', '周佳', '0', '1', '0', '0', '0', '0', '2018-02');
INSERT INTO `history` VALUES ('296', '16', '董顺奇', '0', '1', '0', '0', '0', '0', '2018-02');
INSERT INTO `history` VALUES ('297', '8', '邵冉', '0', '2', '0', '0', '0', '0', '2018-02');
INSERT INTO `history` VALUES ('298', '13', '张月亭', '0', '2', '0', '0', '0', '0', '2018-02');
INSERT INTO `history` VALUES ('299', '14', '吕慧', '0', '1', '0', '0', '0', '0', '2018-02');
INSERT INTO `history` VALUES ('300', '15', '郭会芹', '0', '2', '0', '0', '0', '0', '2018-02');
INSERT INTO `history` VALUES ('301', '6', '唐齐', '0', '1', '0', '0', '0', '0', '2018-02');
INSERT INTO `history` VALUES ('302', '9', '孙康', '0', '1', '0', '0', '0', '0', '2018-02');
INSERT INTO `history` VALUES ('303', '10', '徐洋', '0', '2', '0', '0', '0', '0', '2018-02');
INSERT INTO `history` VALUES ('304', '11', '辛春来', '0', '2', '0', '0', '0', '0', '2018-02');
INSERT INTO `history` VALUES ('305', '22', '刘丽娟', '0', '1', '0', '0', '0', '0', '2018-02');
INSERT INTO `history` VALUES ('306', '21', '邱新科', '0', '2', '0', '0', '0', '0', '2018-02');
INSERT INTO `history` VALUES ('307', '20', '刘佳', '0', '1', '0', '0', '0', '0', '2018-02');
INSERT INTO `history` VALUES ('308', '18', '客服', '5', '0', '0', '0', '0', '0', '2018-02');
INSERT INTO `history` VALUES ('309', '1', '超级管理员', '4', '0', '0', '0', '0', '0', '2018-03');
INSERT INTO `history` VALUES ('310', '2', '胡长青', '3', '0', '0', '0', '0', '0', '2018-03');
INSERT INTO `history` VALUES ('311', '5', '周佩佩', '2', '1', '0', '0', '0', '0', '2018-03');
INSERT INTO `history` VALUES ('312', '3', '宋鑫', '2', '2', '0', '0', '0', '0', '2018-03');
INSERT INTO `history` VALUES ('313', '4', '李媛媛', '1', '1', '0', '0', '0', '0', '2018-03');
INSERT INTO `history` VALUES ('314', '7', '张顾凡', '1', '2', '0', '0', '0', '0', '2018-03');
INSERT INTO `history` VALUES ('315', '19', '吕昊', '1', '1', '0', '0', '0', '0', '2018-03');
INSERT INTO `history` VALUES ('316', '17', '王辉', '1', '2', '0', '0', '0', '0', '2018-03');
INSERT INTO `history` VALUES ('317', '12', '周佳', '0', '1', '0', '0', '0', '0', '2018-03');
INSERT INTO `history` VALUES ('318', '16', '董顺奇', '0', '1', '0', '0', '0', '0', '2018-03');
INSERT INTO `history` VALUES ('319', '8', '邵冉', '0', '2', '0', '0', '0', '0', '2018-03');
INSERT INTO `history` VALUES ('320', '13', '张月亭', '0', '2', '0', '0', '0', '0', '2018-03');
INSERT INTO `history` VALUES ('321', '14', '吕慧', '0', '1', '0', '0', '0', '0', '2018-03');
INSERT INTO `history` VALUES ('322', '15', '郭会芹', '0', '2', '0', '0', '0', '0', '2018-03');
INSERT INTO `history` VALUES ('323', '6', '唐齐', '0', '1', '0', '0', '0', '0', '2018-03');
INSERT INTO `history` VALUES ('324', '9', '孙康', '0', '1', '0', '0', '0', '0', '2018-03');
INSERT INTO `history` VALUES ('325', '10', '徐洋', '0', '2', '0', '0', '0', '0', '2018-03');
INSERT INTO `history` VALUES ('326', '11', '辛春来', '0', '2', '0', '0', '0', '0', '2018-03');
INSERT INTO `history` VALUES ('327', '22', '刘丽娟', '0', '1', '0', '0', '0', '0', '2018-03');
INSERT INTO `history` VALUES ('328', '21', '邱新科', '0', '2', '0', '0', '0', '0', '2018-03');
INSERT INTO `history` VALUES ('329', '20', '刘佳', '0', '1', '0', '0', '0', '0', '2018-03');
INSERT INTO `history` VALUES ('330', '18', '客服', '5', '0', '0', '0', '0', '0', '2018-03');
INSERT INTO `history` VALUES ('331', '1', '超级管理员', '4', '0', '0', '0', '0', '0', '2018-03');
INSERT INTO `history` VALUES ('332', '2', '胡长青', '3', '0', '0', '0', '0', '0', '2018-03');
INSERT INTO `history` VALUES ('333', '5', '周佩佩', '2', '1', '0', '0', '0', '0', '2018-03');
INSERT INTO `history` VALUES ('334', '3', '宋鑫', '2', '2', '0', '0', '0', '0', '2018-03');
INSERT INTO `history` VALUES ('335', '4', '李媛媛', '1', '1', '0', '0', '0', '0', '2018-03');
INSERT INTO `history` VALUES ('336', '7', '张顾凡', '1', '2', '0', '0', '0', '0', '2018-03');
INSERT INTO `history` VALUES ('337', '19', '吕昊', '1', '1', '0', '0', '0', '0', '2018-03');
INSERT INTO `history` VALUES ('338', '17', '王辉', '1', '2', '0', '0', '0', '0', '2018-03');
INSERT INTO `history` VALUES ('339', '12', '周佳', '0', '1', '0', '0', '0', '0', '2018-03');
INSERT INTO `history` VALUES ('340', '16', '董顺奇', '0', '1', '0', '0', '0', '0', '2018-03');
INSERT INTO `history` VALUES ('341', '8', '邵冉', '0', '2', '0', '0', '0', '0', '2018-03');
INSERT INTO `history` VALUES ('342', '13', '张月亭', '0', '2', '0', '0', '0', '0', '2018-03');
INSERT INTO `history` VALUES ('343', '14', '吕慧', '0', '1', '0', '0', '0', '0', '2018-03');
INSERT INTO `history` VALUES ('344', '15', '郭会芹', '0', '2', '0', '0', '0', '0', '2018-03');
INSERT INTO `history` VALUES ('345', '6', '唐齐', '0', '1', '0', '0', '0', '0', '2018-03');
INSERT INTO `history` VALUES ('346', '9', '孙康', '0', '1', '0', '0', '0', '0', '2018-03');
INSERT INTO `history` VALUES ('347', '10', '徐洋', '0', '2', '0', '0', '0', '0', '2018-03');
INSERT INTO `history` VALUES ('348', '11', '辛春来', '0', '2', '0', '0', '0', '0', '2018-03');
INSERT INTO `history` VALUES ('349', '22', '刘丽娟', '0', '1', '0', '0', '0', '0', '2018-03');
INSERT INTO `history` VALUES ('350', '21', '邱新科', '0', '2', '0', '0', '0', '0', '2018-03');
INSERT INTO `history` VALUES ('351', '20', '刘佳', '0', '1', '0', '0', '0', '0', '2018-03');
INSERT INTO `history` VALUES ('352', '18', '客服', '5', '0', '0', '0', '0', '0', '2018-03');

-- ----------------------------
-- Table structure for performance
-- ----------------------------
DROP TABLE IF EXISTS `performance`;
CREATE TABLE `performance` (
  `id` int(11) NOT NULL AUTO_INCREMENT,
  `pnumber` varchar(255) NOT NULL,
  `pmoney` double NOT NULL,
  `ptime` varchar(255) DEFAULT NULL,
  `overtime` int(10) DEFAULT NULL,
  `updateRemark` varchar(10000) DEFAULT NULL,
  `user_id` int(11) NOT NULL,
  `user_name` varchar(255) NOT NULL,
  `user_department` int(10) NOT NULL,
  PRIMARY KEY (`id`)
) ENGINE=InnoDB AUTO_INCREMENT=48 DEFAULT CHARSET=utf8;

-- ----------------------------
-- Records of performance
-- ----------------------------
INSERT INTO `performance` VALUES ('45', '1144', '2000', '2018-01-31 12:00:00', '35', '高级聊天课程', '1', '超级管理员', '1');
INSERT INTO `performance` VALUES ('46', '1144', '2000', '2018-01-31 09:15:00', '35', '高级聊天课程', '1', '超级管理员', '1');
INSERT INTO `performance` VALUES ('47', '1144', '1000', '2018-01-31 16:11:04', '120', 'test', '1', '超级管理员', '0');

-- ----------------------------
-- Table structure for perfor_copy
-- ----------------------------
DROP TABLE IF EXISTS `perfor_copy`;
CREATE TABLE `perfor_copy` (
  `id` int(11) NOT NULL AUTO_INCREMENT,
  `pnumber` varchar(255) DEFAULT NULL,
  `pmoney` double DEFAULT NULL,
  `ptime` varchar(255) DEFAULT NULL,
  `overtime` int(10) DEFAULT NULL,
  `updateRemark` varchar(10000) DEFAULT NULL,
  `user_id` int(11) NOT NULL,
  `user_name` varchar(255) NOT NULL,
  `user_department` int(10) NOT NULL,
  PRIMARY KEY (`id`)
) ENGINE=InnoDB AUTO_INCREMENT=68 DEFAULT CHARSET=utf8;

-- ----------------------------
-- Records of perfor_copy
-- ----------------------------
INSERT INTO `perfor_copy` VALUES ('45', '1144', '2000', '2018-01-05', '35', '高级聊天课程', '1', '超级管理员', '1');
INSERT INTO `perfor_copy` VALUES ('46', '959', '2000', '2018-01-05', '60', '高价专项课程', '1', '超级管理员', '1');
INSERT INTO `perfor_copy` VALUES ('47', '1285', '2000', '2018-01-05', '0', '', '1', '超级管理员', '1');
INSERT INTO `perfor_copy` VALUES ('48', '1131', '2000', '2018-01-05', '60', '升级导师专项服务', '1', '超级管理员', '1');
INSERT INTO `perfor_copy` VALUES ('49', '1289', '2000', '2018-02-02', '0', '升级高级聊天课程', '1', '超级管理员', '1');
INSERT INTO `perfor_copy` VALUES ('50', '1256', '2000', '2018-02-04', '90', '专项课程8800，先付4400元，2月底之前补齐余款。', '1', '超级管理员', '1');
INSERT INTO `perfor_copy` VALUES ('51', '252', '2000', '2018-02-04', '100', '升级规格三课程服务5800元，先付3000元，二月底之前补齐2800元。', '1', '超级管理员', '1');
INSERT INTO `perfor_copy` VALUES ('52', '1198', '2000', '2018-02-05', '100', '一次性方案学员，升级规格二。维护关系。', '1', '超级管理员', '1');
INSERT INTO `perfor_copy` VALUES ('53', '1233', '2000', '2018-02-05', '30', '升级高级聊天课程，狙击。', '1', '超级管理员', '1');
INSERT INTO `perfor_copy` VALUES ('54', '1169', '2000', '2018-02-08', '40', '学员是一个狙击的，两个人在一个服装厂上班，女方比男方大，女方结过婚没有办婚礼，但是有一个孩子，可能女方过完年就回来了。二个人在单位是经常能见到免得，微信没有拉黑', '1', '超级管理员', '1');
INSERT INTO `perfor_copy` VALUES ('55', '1009', '2000', '2018-02-08', '60', '升级导师专项课程补尾款3900元。', '1', '超级管理员', '1');
INSERT INTO `perfor_copy` VALUES ('56', '734', '2000', '2018-02-08', '80', '三月到期', '1', '超级管理员', '1');
INSERT INTO `perfor_copy` VALUES ('57', '1093', '2000', '2018-02-08', '60', '升级导师专项课程补尾款3800元。', '1', '超级管理员', '1');
INSERT INTO `perfor_copy` VALUES ('58', '720', '2000', '2018-02-11', '60', '续费规格一课程3000元。', '1', '超级管理员', '1');
INSERT INTO `perfor_copy` VALUES ('59', '421', '2000', '2018-02-11', '0', '分期1月15日前补齐2000', '1', '超级管理员', '1');
INSERT INTO `perfor_copy` VALUES ('60', '1119', '2000', '2018-02-11', '30', '挽回变狙击', '1', '超级管理员', '1');
INSERT INTO `perfor_copy` VALUES ('61', '1145', '2000', '2018-02-12', '60', '全款', '1', '超级管理员', '1');
INSERT INTO `perfor_copy` VALUES ('62', '1054', '2000', '2018-02-19', '90', '心理学习', '1', '超级管理员', '1');
INSERT INTO `perfor_copy` VALUES ('63', '1273', '2000', '2018-02-19', '150', '', '1', '超级管理员', '1');
INSERT INTO `perfor_copy` VALUES ('64', '1328', '2000', '2018-02-19', '0', '', '1', '超级管理员', '1');
INSERT INTO `perfor_copy` VALUES ('65', '1127', '2000', '2018-02-24', '148', '9800分三期（1月14前3800+2月14前3000+3月14前3000）', '1', '超级管理员', '1');
INSERT INTO `perfor_copy` VALUES ('66', '1209', '2000', '2018-02-27', '0', '升级导师高级聊天课程2000元，月底前补款1000元。', '1', '超级管理员', '1');
INSERT INTO `perfor_copy` VALUES ('67', '1302', '1111', null, '1', '1', '1', '超级管理员', '0');

-- ----------------------------
-- Table structure for permission
-- ----------------------------
DROP TABLE IF EXISTS `permission`;
CREATE TABLE `permission` (
  `id` int(11) NOT NULL AUTO_INCREMENT,
  `delete_file` int(1) NOT NULL DEFAULT '0',
  `delete_cust` int(1) NOT NULL DEFAULT '0',
  `update_cust` int(1) NOT NULL DEFAULT '0',
  `update_user` int(1) NOT NULL DEFAULT '0',
  `delete_user` int(1) NOT NULL DEFAULT '0',
  `permission_user` int(1) NOT NULL DEFAULT '0',
  `user_uname` varchar(255) NOT NULL,
  `user_position` int(1) NOT NULL DEFAULT '0',
  `user_id` int(11) NOT NULL,
  PRIMARY KEY (`id`)
) ENGINE=InnoDB AUTO_INCREMENT=23 DEFAULT CHARSET=utf8;

-- ----------------------------
-- Records of permission
-- ----------------------------
INSERT INTO `permission` VALUES ('1', '1', '1', '1', '1', '1', '1', '超级管理员', '4', '1');
INSERT INTO `permission` VALUES ('2', '1', '1', '1', '1', '1', '1', '胡长青', '3', '2');
INSERT INTO `permission` VALUES ('3', '1', '0', '1', '1', '1', '0', '宋鑫', '2', '3');
INSERT INTO `permission` VALUES ('4', '0', '0', '1', '0', '0', '0', '李媛媛', '1', '4');
INSERT INTO `permission` VALUES ('5', '1', '0', '1', '1', '1', '0', '周佩佩', '2', '5');
INSERT INTO `permission` VALUES ('6', '0', '0', '1', '0', '0', '0', '唐齐', '0', '6');
INSERT INTO `permission` VALUES ('7', '0', '0', '1', '0', '0', '0', '张顾凡', '1', '7');
INSERT INTO `permission` VALUES ('8', '0', '0', '1', '0', '0', '0', '邵冉', '0', '8');
INSERT INTO `permission` VALUES ('9', '0', '0', '1', '0', '0', '0', '孙康', '0', '9');
INSERT INTO `permission` VALUES ('10', '0', '0', '1', '0', '0', '0', '徐洋', '0', '10');
INSERT INTO `permission` VALUES ('11', '0', '0', '1', '0', '0', '0', '辛春来', '0', '11');
INSERT INTO `permission` VALUES ('12', '0', '0', '1', '0', '0', '0', '周佳', '0', '12');
INSERT INTO `permission` VALUES ('13', '0', '0', '1', '0', '0', '0', '张月亭', '0', '13');
INSERT INTO `permission` VALUES ('14', '0', '0', '1', '0', '0', '0', '吕慧', '0', '14');
INSERT INTO `permission` VALUES ('15', '0', '0', '1', '0', '0', '0', '郭会芹', '0', '15');
INSERT INTO `permission` VALUES ('16', '0', '0', '1', '0', '0', '0', '董顺奇', '0', '16');
INSERT INTO `permission` VALUES ('17', '0', '0', '1', '0', '0', '0', '王辉', '1', '17');
INSERT INTO `permission` VALUES ('18', '0', '0', '0', '1', '0', '0', '客服', '5', '18');
INSERT INTO `permission` VALUES ('19', '0', '0', '1', '0', '0', '0', '吕昊', '1', '19');
INSERT INTO `permission` VALUES ('20', '0', '0', '1', '0', '0', '0', '刘佳', '0', '20');
INSERT INTO `permission` VALUES ('21', '0', '0', '1', '0', '0', '0', '邱新科', '0', '21');
INSERT INTO `permission` VALUES ('22', '0', '0', '1', '0', '0', '0', '刘丽娟', '0', '22');

-- ----------------------------
-- Table structure for user
-- ----------------------------
DROP TABLE IF EXISTS `user`;
CREATE TABLE `user` (
  `uid` int(11) NOT NULL AUTO_INCREMENT,
  `number` int(11) NOT NULL DEFAULT '0',
  `loginname` varchar(255) NOT NULL,
  `password` varchar(255) NOT NULL DEFAULT '',
  `uname` varchar(255) NOT NULL,
  `usex` varchar(255) NOT NULL,
  `ubirthday` varchar(255) NOT NULL,
  `utel` varchar(255) NOT NULL,
  `uwechat` varchar(255) DEFAULT NULL,
  `idcode` varchar(255) NOT NULL,
  `complaint` int(11) DEFAULT '0',
  `createDate` datetime NOT NULL,
  `updateDate` datetime NOT NULL DEFAULT CURRENT_TIMESTAMP ON UPDATE CURRENT_TIMESTAMP,
  `loginDate` datetime DEFAULT NULL ON UPDATE CURRENT_TIMESTAMP,
  `entryTime` datetime DEFAULT NULL,
  `position` int(2) NOT NULL DEFAULT '0',
  `supperior` varchar(255) DEFAULT NULL,
  `cust_count` int(11) NOT NULL DEFAULT '0',
  `remark` varchar(2000) DEFAULT '',
  `encrypted_id` int(11) NOT NULL,
  `encrypted_result` varchar(255) NOT NULL,
  `birthplace` varchar(255) DEFAULT NULL,
  `certificate` varchar(255) DEFAULT '',
  `plan` int(11) DEFAULT '0',
  `reality` int(11) DEFAULT '0',
  `updatecusts` int(11) DEFAULT '0',
  `department_id` int(11) DEFAULT '1',
  `service` int(2) DEFAULT '0',
  PRIMARY KEY (`uid`)
) ENGINE=InnoDB AUTO_INCREMENT=23 DEFAULT CHARSET=utf8;

-- ----------------------------
-- Records of user
-- ----------------------------
INSERT INTO `user` VALUES ('1', '10000001', 'admin', '123', '超级管理员', '男', '1992/06/15', '13963235815', '123', '370225199206155249', '0', '2017-01-12 00:00:00', '2018-01-31 16:42:44', '2018-01-31 16:42:44', '2017-01-12 00:00:00', '4', '', '1', null, '1', '橘子情感', '山东青岛', '英语六级', '0', '5000', '3', '0', '0');
INSERT INTO `user` VALUES ('2', '20170008', 'qingen', 'qing11234', '胡长青', '女', '1995/11/23', '18363994524', '', '370921199511230621', '0', '2017-12-29 15:23:30', '2018-04-18 16:34:39', '2018-04-18 16:34:39', null, '3', '超级管理员', '0', null, '3', '孔梦丹', '泰安', '婚姻家庭咨询师', '0', '0', '0', '0', '0');
INSERT INTO `user` VALUES ('3', '20170019', 'songxin', 'sx900501', '宋鑫', '女', '1990/05/01', '18561365549', '', '370281199005016727', '0', '2017-12-29 16:09:30', '2018-03-15 17:04:54', '2018-03-15 17:04:54', null, '2', '胡长青', '0', null, '1', '宋鑫', null, null, '0', '0', '0', '2', '0');
INSERT INTO `user` VALUES ('4', '20170027', 'baby07', 'baby0700', '李媛媛', '女', '1995/11/5', '17753222913', '', '230302199511055023', '0', '2017-12-29 16:10:15', '2018-03-15 17:03:56', '2018-03-15 17:03:56', null, '1', '周佩佩', '0', null, '3', '端木德文', null, null, '0', '0', '0', '1', '0');
INSERT INTO `user` VALUES ('5', '20170012', 'NIki94', 'zpp116626773', '周佩佩', '女', '1994/03/23', '13122101039', 'puafm010', '370282199403236027', '0', '2017-12-29 16:11:38', '2018-03-14 11:06:46', '2018-03-14 11:06:46', '2017-03-26 00:00:00', '2', '胡长青', '0', null, '1', '周佩佩', '山东青岛', '婚姻家庭咨询师', '0', '0', '0', '1', '0');
INSERT INTO `user` VALUES ('6', '20170063', 'IDONZI', 'lucifert', '唐齐', '女', '1994/01/23', '18615121229', 'juzi001', '370323199401230022', '0', '2017-12-29 16:11:54', '2018-04-19 11:32:10', null, '2017-12-04 00:00:00', '0', '周佩佩', '0', null, '3', '徐文慧', '山东淄博', null, '0', '0', '0', '1', '0');
INSERT INTO `user` VALUES ('7', '20170028', 'callingfan', 'zhangqwe123', '张顾凡', '男', '1996/12/7', '17866632107', 'Yaopua', '370305199612070716', '0', '2017-12-29 16:14:51', '2018-04-19 11:32:10', null, null, '1', '宋鑫', '0', null, '1', '姚崇', null, null, '0', '0', '0', '2', '0');
INSERT INTO `user` VALUES ('8', '20170053', 'mumian', '19801216', '邵冉', '女', '1980/12/16', '18669752979', '', '370203198012164126', '0', '2017-12-29 16:15:57', '2018-04-19 11:32:10', null, null, '0', '宋鑫', '0', null, '3', '李敏', null, null, '0', '0', '0', '2', '0');
INSERT INTO `user` VALUES ('9', '20170064', 'jzqg002', 'sk258266', '孙康', '男', '1986/05/10', '15865537258', 'jzqg002', '370214198605104515', '0', '2017-12-29 16:16:06', '2018-02-08 13:16:06', null, '2017-12-06 00:00:00', '0', '周佩佩', '0', null, '1', '苏轼', null, '心理咨询师三级、心理咨询师二级', '0', '0', '0', '1', '0');
INSERT INTO `user` VALUES ('10', '20170072', 'yangnuan', 'yangnuan123', '徐洋', '女', '1994/10/9', '17667961426', 'jzqg003', '230123199408301426', '0', '2017-12-29 16:18:06', '2018-04-19 11:32:10', null, '2017-12-11 00:00:00', '0', '宋鑫', '0', null, '3', '盛璐', '黑龙江', null, '0', '0', '0', '2', '0');
INSERT INTO `user` VALUES ('11', '20170076', 'qingfeng', 'xinchunlai1234', '辛春来', '男', '1994/05/02', '18954262948', 'jzqg004', '230229199405023233', '0', '2017-12-29 16:18:22', '2018-04-19 11:32:10', null, null, '0', '宋鑫', '0', null, '1', '辛春来', null, null, '0', '0', '0', '2', '0');
INSERT INTO `user` VALUES ('12', '20170051', 'ZHOUJIA221', 'zhoujia221', '周佳', '女', '1990/02/21', '15153270039', 'tgzukuqox', '211404199002217245', '0', '2017-12-29 16:22:06', '2018-02-08 13:16:06', null, '2017-10-20 00:00:00', '0', '周佩佩', '0', null, '1', '周佳', '辽宁', '无', '0', '0', '0', '1', '0');
INSERT INTO `user` VALUES ('13', '20170060', 'yueting', 'yueting1992', '张月亭', '女', '1992/03/25', '18817843369', 'yueting0325', '371427199203250446', '0', '2017-12-29 16:22:22', '2018-04-19 11:32:10', null, null, '0', '宋鑫', '0', null, '1', '明月', null, null, '0', '0', '0', '2', '0');
INSERT INTO `user` VALUES ('14', '20170061', 'lvshuishui', '77777777', '吕慧', '女', '1994/05/23', '15725268091', 'zxzxzx0011', '371202199405230840', '0', '2017-12-29 16:25:35', '2018-02-08 13:16:06', null, '2017-11-23 00:00:00', '0', '周佩佩', '0', null, '1', '哈利波特', '山东省莱芜市', null, '0', '0', '0', '1', '0');
INSERT INTO `user` VALUES ('15', '20170062', 'wenqilaoshi', '19931206082ghq', '郭会芹', '女', '1993/12/6', '15764206318', 'xiaoluluanzhuang450', '37120219931206082X', '0', '2017-12-29 16:26:39', '2018-04-19 11:32:10', null, null, '0', '宋鑫', '0', null, '3', '冯蕊', null, null, '0', '0', '0', '2', '0');
INSERT INTO `user` VALUES ('16', '20170052', 'dongshunqi', 'dongshunqi1', '董顺奇', '男', '1991/02/26', '15615551015', 'puachu', '370682199102261116', '0', '2017-12-29 16:29:48', '2018-02-08 13:16:06', null, '2017-10-23 00:00:00', '0', '周佩佩', '0', null, '1', '吕睡睡', '烟台莱阳市', null, '0', '0', '0', '1', '0');
INSERT INTO `user` VALUES ('17', '20170037', 'wanghui', 'wh000000', '王辉', '女', '1980/04/29', '18562755889', '', '370203198004298220', '0', '2017-12-29 16:29:57', '2018-02-08 13:16:06', null, null, '1', '宋鑫', '0', null, '1', '毛主席', null, null, '0', '0', '0', '2', '0');
INSERT INTO `user` VALUES ('18', '20179999', 'kefu', '123', '客服', '女', '2017/12/31', '11111111111', '', '11111111111111111', '0', '2017-12-31 13:34:32', '2018-04-18 16:34:59', '2018-04-18 16:34:59', null, '5', null, '0', null, '1', '橘子情感', null, null, '0', '0', '0', '0', '1');
INSERT INTO `user` VALUES ('19', '20170035', 'lvhaoaaa', 'dafangzi', '吕昊', '男', '1997/07/18', '15269250375', 'a2656279256', '640321199707182732', '0', '2018-01-08 15:16:48', '2018-02-08 13:16:06', null, null, '1', '周佩佩', '0', null, '1', '吕昊', null, null, '0', '0', '0', '1', '0');
INSERT INTO `user` VALUES ('20', '20170096', 'echo0414', 'susu840414', '刘佳', '女', '1984/04/14', '13658688346', 'echo_ht0930', '370305198404140420', '0', '2018-01-16 13:37:55', '2018-01-16 16:59:31', null, '2018-01-10 00:00:00', '0', '周佩佩', '0', '', '2', '狄阳', '山东临沂', '国家二级心理咨询师', '0', '0', '0', '1', '0');
INSERT INTO `user` VALUES ('21', '20170094', 'qxk133647', 'qxkill133647', '邱新科', '男', '1993/05/16', '18562570306', '844098498', '370282199305164015', '0', '2018-01-16 13:38:04', '2018-04-19 11:32:10', null, null, '0', '宋鑫', '0', '', '2', '刘璐', null, '', '0', '0', '0', '2', '0');
INSERT INTO `user` VALUES ('22', '20170090', 'Muriel', 'llj215512', '刘丽娟', '女', '1992/03/04', '18653222495', '18653222495', '370682199203046423', '0', '2018-01-16 13:39:55', '2018-01-16 16:57:46', null, '2018-01-04 00:00:00', '0', '周佩佩', '0', '', '1', '妈妈', '山东烟台', '', '0', '0', '0', '1', '0');

-- ----------------------------
-- Procedure structure for test_insert
-- ----------------------------
DROP PROCEDURE IF EXISTS `test_insert`;
DELIMITER ;;
CREATE DEFINER=`root`@`localhost` PROCEDURE `test_insert`()
BEGIN 
DECLARE y TINYINT DEFAULT 1;
WHILE y<100
DO
INSERT INTO `oraboot`.`customer` (`cnumber`, `cname`, `cage`, `csex`, `bmtime`, `servdata`, `money`, `uname`, `sname`, `state`, `remark`, `fileurl`) VALUES ('0', '学员', '25', '男', '2017-10-10 00:00:00', '150', '8000.00', '李四', '王五', '1', 'test', NULL);

SET y=y+1; 
END WHILE ; 
commit; 
END
;;
DELIMITER ;
DROP TRIGGER IF EXISTS `upload_file_customer`;
DELIMITER ;;
CREATE TRIGGER `upload_file_customer` AFTER INSERT ON `file` FOR EACH ROW begin
UPDATE customer SET file_id = new.fid WHERE cnumber = new.cust_cnumber;
end
;;
DELIMITER ;
DROP TRIGGER IF EXISTS `delete_file_customer`;
DELIMITER ;;
CREATE TRIGGER `delete_file_customer` AFTER DELETE ON `file` FOR EACH ROW begin
UPDATE customer SET file_id = 0 WHERE cnumber = old.cust_cnumber;
end
;;
DELIMITER ;
DROP TRIGGER IF EXISTS `performance_insert_update_user_updatecusts`;
DELIMITER ;;
CREATE TRIGGER `performance_insert_update_user_updatecusts` AFTER INSERT ON `performance` FOR EACH ROW begin
declare i int;
declare j int;
DECLARE k int;
DECLARE m int;
set i = (select updatecusts from user where uid=new.user_id);
set j = (select reality from user where uid=new.user_id);
set k = (select serdata from customer where cnumber=new.pnumber);
set m = (select money from customer where cnumber=new.pnumber);
update user set updatecusts = i + 1,reality = j + new.pmoney where uid = new.user_id;
UPDATE customer set serdata = k + new.overtime,money = m + new.pmoney where cnumber = new.pnumber;
end
;;
DELIMITER ;
DROP TRIGGER IF EXISTS `performance_delete_update_user_updatecusts`;
DELIMITER ;;
CREATE TRIGGER `performance_delete_update_user_updatecusts` AFTER DELETE ON `performance` FOR EACH ROW begin
declare i int;
declare j int;
DECLARE k int;
DECLARE m int;
set i = (select updatecusts from user where uid=old.user_id);
set j = (select reality from user where uid=old.user_id);
set k = (select serdata from customer where cnumber=old.pnumber);
set m = (select money from customer where cnumber=old.pnumber);
update user set updatecusts = i - 1,reality = j - old.pmoney where uid = old.user_id;
UPDATE customer set serdata = k - old.overtime,money = m - old.pmoney where cnumber = old.pnumber;
end
;;
DELIMITER ;
DROP TRIGGER IF EXISTS `update_permission_user`;
DELIMITER ;;
CREATE TRIGGER `update_permission_user` AFTER UPDATE ON `permission` FOR EACH ROW begin
update user set position=new.user_position WHERE uid = new.user_id;
end
;;
DELIMITER ;
DROP TRIGGER IF EXISTS `insert_user_permission`;
DELIMITER ;;
CREATE TRIGGER `insert_user_permission` AFTER INSERT ON `user` FOR EACH ROW begin
INSERT INTO `oraboot`.`permission` (`id`, `delete_file`, `delete_cust`, `update_cust`, `update_user`, `delete_user`, `permission_user`,user_uname, `user_position`, `user_id`) VALUES ('0', '0', '0', '0', '0', '0', '0', new.uname,'0', new.uid);
end
;;
DELIMITER ;
DROP TRIGGER IF EXISTS `delete_user_permission`;
DELIMITER ;;
CREATE TRIGGER `delete_user_permission` AFTER DELETE ON `user` FOR EACH ROW begin
DELETE FROM permission WHERE user_id = old.uid;
end
;;
DELIMITER ;
